sex,culture,PRACTICE_TRIAL_Response,INTRO_COMP_3,INTRO_COMP_3_fail_once,INTRO_COMP_3_fail_twice,INTRO_COMP_4,EXPLAIN_PART1_COMP_4,EXPLAIN_PART1_COMP_4_fail_once,EXPLAIN_PART2_COMP_8,EXPLAIN_PART2_COMP_8_fail_once,EXPLAIN_PART2_COMP_8_fail_twice,EXPLAIN_PART2_COMP_8_fail_thrice,EXPLAIN_PART2_COMP_9,EXPLAIN_PART2_COMP_9_fail_once,EXPLAIN_PART3_COMP_2,QUESTION_1,QUESTION_2,trial_1_setup,trial_1_meep_color,trial_1_meep_ethnicity,trial_2_setup,trial_2_meep_color,trial_2_meep_ethnicity,ppt_culture_color,group_side,first_hand_side,bead_side_demo,duration,trial,share,intra,age,age_group,pid
MALE,BAYAKA,0,pass,NA,NA,pass,pass,NA,pass,NA,NA,NA,pass,NA,pass,YES,YES,LEFT,RED,BAYAKA,RIGHT,BLUE,BILO,RED,RIGHT,RIGHT,RIGHT,27M -17S,1,1,1,11.59589,11-12,200
MALE,BAYAKA,0,pass,NA,NA,pass,pass,NA,pass,NA,NA,NA,pass,NA,pass,YES,YES,LEFT,RED,BAYAKA,RIGHT,BLUE,BILO,RED,RIGHT,RIGHT,RIGHT,27M -17S,2,0,0,11.59589,11-12,200
FEMALE,BAYAKA,1,pass,NA,NA,pass,pass,NA,pass,NA,NA,NA,pass,NA,pass,YES,YES,LEFT,RED,BAYAKA,RIGHT,BLUE,BILO,RED,RIGHT,LEFT,RIGHT,1H -33M -50S,1,0,1,69.175342,67+,169
FEMALE,BAYAKA,1,pass,NA,NA,pass,pass,NA,pass,NA,NA,NA,pass,NA,pass,YES,YES,LEFT,RED,BAYAKA,RIGHT,BLUE,BILO,RED,RIGHT,LEFT,RIGHT,1H -33M -50S,2,1,0,69.175342,67+,169
MALE,BAYAKA,1,pass,NA,NA,pass,pass,NA,fail,fail,pass,NA,pass,NA,pass,YES,YES,LEFT,RED,BAYAKA,LEFT,BLUE,BILO,RED,RIGHT,LEFT,LEFT,1H -30M 18S,1,1,1,11.09589,11-12,7
MALE,BAYAKA,1,pass,NA,NA,pass,pass,NA,fail,fail,pass,NA,pass,NA,pass,YES,YES,LEFT,RED,BAYAKA,LEFT,BLUE,BILO,RED,RIGHT,LEFT,LEFT,1H -30M 18S,2,1,0,11.09589,11-12,7
FEMALE,BAYAKA,1,pass,NA,NA,fail,pass,NA,pass,NA,NA,NA,pass,NA,pass,NO,NO,RIGHT,RED,BAYAKA,LEFT,BLUE,BILO,RED,LEFT,RIGHT,RIGHT,21M -14S,1,0,1,11,11-12,180
FEMALE,BAYAKA,1,pass,NA,NA,fail,pass,NA,pass,NA,NA,NA,pass,NA,pass,NO,NO,RIGHT,RED,BAYAKA,LEFT,BLUE,BILO,RED,LEFT,RIGHT,RIGHT,21M -14S,2,0,0,11,11-12,180
MALE,BAYAKA,0,pass,NA,NA,pass,pass,NA,pass,NA,NA,NA,pass,NA,pass,YES,YES,LEFT,RED,BILO,LEFT,BLUE,BAYAKA,BLUE,RIGHT,LEFT,RIGHT,26M -13S,1,0,0,6,5-6,188
MALE,BAYAKA,0,pass,NA,NA,pass,pass,NA,pass,NA,NA,NA,pass,NA,pass,YES,YES,LEFT,RED,BILO,LEFT,BLUE,BAYAKA,BLUE,RIGHT,LEFT,RIGHT,26M -13S,2,1,1,6,5-6,188
FEMALE,BAYAKA,1,pass,NA,NA,pass,pass,NA,pass,NA,NA,NA,pass,NA,pass,YES,YES,LEFT,RED,BILO,LEFT,BLUE,BAYAKA,BLUE,LEFT,RIGHT,RIGHT,1H -34M 32S,1,0,0,6.59589000000005,5-6,46
FEMALE,BAYAKA,1,pass,NA,NA,pass,pass,NA,pass,NA,NA,NA,pass,NA,pass,YES,YES,LEFT,RED,BILO,LEFT,BLUE,BAYAKA,BLUE,LEFT,RIGHT,RIGHT,1H -34M 32S,2,0,1,6.59589000000005,5-6,46
FEMALE,BAYAKA,1,fail,fail,pass,pass,pass,NA,fail,fail,pass,NA,pass,NA,pass,NO,NO,LEFT,BLUE,BILO,LEFT,RED,BAYAKA,RED,RIGHT,RIGHT,LEFT,32M -23S,1,1,0,6.59589000000005,5-6,42
FEMALE,BAYAKA,1,fail,fail,pass,pass,pass,NA,fail,fail,pass,NA,pass,NA,pass,NO,NO,LEFT,BLUE,BILO,LEFT,RED,BAYAKA,RED,RIGHT,RIGHT,LEFT,32M -23S,2,1,1,6.59589000000005,5-6,42
FEMALE,BAYAKA,0,pass,NA,NA,pass,pass,NA,pass,NA,NA,NA,pass,NA,pass,YES,YES,LEFT,BLUE,BAYAKA,LEFT,RED,BILO,BLUE,RIGHT,LEFT,LEFT,1H -39M 10S,1,0,1,7.97534199999995,7-8,15
FEMALE,BAYAKA,0,pass,NA,NA,pass,pass,NA,pass,NA,NA,NA,pass,NA,pass,YES,YES,LEFT,BLUE,BAYAKA,LEFT,RED,BILO,BLUE,RIGHT,LEFT,LEFT,1H -39M 10S,2,0,0,7.97534199999995,7-8,15
FEMALE,BAYAKA,0,pass,NA,NA,pass,pass,NA,pass,NA,NA,NA,pass,NA,pass,YES,YES,RIGHT,BLUE,BILO,LEFT,RED,BAYAKA,RED,LEFT,RIGHT,LEFT,1H -26M 5S,1,1,0,16.1,15-16,108
FEMALE,BAYAKA,0,pass,NA,NA,pass,pass,NA,pass,NA,NA,NA,pass,NA,pass,YES,YES,RIGHT,BLUE,BILO,LEFT,RED,BAYAKA,RED,LEFT,RIGHT,LEFT,1H -26M 5S,2,0,1,16.1,15-16,108
MALE,BAYAKA,0,pass,NA,NA,pass,pass,NA,pass,NA,NA,NA,pass,NA,pass,YES,YES,RIGHT,RED,BILO,LEFT,BLUE,BAYAKA,BLUE,RIGHT,LEFT,LEFT,18M 12S,1,0,0,13.59589,13-14,22
MALE,BAYAKA,0,pass,NA,NA,pass,pass,NA,pass,NA,NA,NA,pass,NA,pass,YES,YES,RIGHT,RED,BILO,LEFT,BLUE,BAYAKA,BLUE,RIGHT,LEFT,LEFT,18M 12S,2,0,1,13.59589,13-14,22
MALE,BAYAKA,0,pass,NA,NA,pass,pass,NA,pass,NA,NA,NA,pass,NA,pass,YES,YES,RIGHT,BLUE,BILO,RIGHT,RED,BAYAKA,RED,LEFT,LEFT,LEFT,20M -13S,1,0,0,10.59589,9-10,17
MALE,BAYAKA,0,pass,NA,NA,pass,pass,NA,pass,NA,NA,NA,pass,NA,pass,YES,YES,RIGHT,BLUE,BILO,RIGHT,RED,BAYAKA,RED,LEFT,LEFT,LEFT,20M -13S,2,1,1,10.59589,9-10,17
FEMALE,BAYAKA,1,fail,fail,pass,pass,pass,NA,pass,NA,NA,NA,pass,NA,pass,YES,YES,RIGHT,BLUE,BILO,RIGHT,RED,BAYAKA,RED,RIGHT,LEFT,RIGHT,1H -24M -45S,1,0,0,8.59589000000005,7-8,64
FEMALE,BAYAKA,1,fail,fail,pass,pass,pass,NA,pass,NA,NA,NA,pass,NA,pass,YES,YES,RIGHT,BLUE,BILO,RIGHT,RED,BAYAKA,RED,RIGHT,LEFT,RIGHT,1H -24M -45S,2,1,1,8.59589000000005,7-8,64
FEMALE,BAYAKA,0,pass,NA,NA,pass,pass,NA,pass,NA,NA,NA,fail,pass,pass,YES,YES,LEFT,BLUE,BAYAKA,RIGHT,RED,BILO,BLUE,RIGHT,LEFT,LEFT,1H -35M -25S,1,0,1,33.3253419999998,27-36,166
FEMALE,BAYAKA,0,pass,NA,NA,pass,pass,NA,pass,NA,NA,NA,fail,pass,pass,YES,YES,LEFT,BLUE,BAYAKA,RIGHT,RED,BILO,BLUE,RIGHT,LEFT,LEFT,1H -35M -25S,2,0,0,33.3253419999998,27-36,166
FEMALE,BAYAKA,1,pass,NA,NA,pass,pass,NA,pass,NA,NA,NA,pass,NA,pass,YES,YES,RIGHT,RED,BAYAKA,LEFT,BLUE,BILO,RED,LEFT,LEFT,RIGHT,18M -14S,1,0,1,27,27-36,50
FEMALE,BAYAKA,1,pass,NA,NA,pass,pass,NA,pass,NA,NA,NA,pass,NA,pass,YES,YES,RIGHT,RED,BAYAKA,LEFT,BLUE,BILO,RED,LEFT,LEFT,RIGHT,18M -14S,2,0,0,27,27-36,50
MALE,BAYAKA,0,pass,NA,NA,pass,pass,NA,pass,NA,NA,NA,pass,NA,pass,YES,YES,RIGHT,BLUE,BILO,RIGHT,RED,BAYAKA,RED,RIGHT,LEFT,RIGHT,18M -28S,1,1,0,10,9-10,177
MALE,BAYAKA,0,pass,NA,NA,pass,pass,NA,pass,NA,NA,NA,pass,NA,pass,YES,YES,RIGHT,BLUE,BILO,RIGHT,RED,BAYAKA,RED,RIGHT,LEFT,RIGHT,18M -28S,2,0,1,10,9-10,177
FEMALE,BAYAKA,0,pass,NA,NA,pass,pass,NA,pass,NA,NA,NA,pass,NA,pass,YES,YES,LEFT,RED,BILO,LEFT,BLUE,BAYAKA,BLUE,RIGHT,LEFT,RIGHT,18M -17S,1,0,0,46.09589,37-46,34
FEMALE,BAYAKA,0,pass,NA,NA,pass,pass,NA,pass,NA,NA,NA,pass,NA,pass,YES,YES,LEFT,RED,BILO,LEFT,BLUE,BAYAKA,BLUE,RIGHT,LEFT,RIGHT,18M -17S,2,1,1,46.09589,37-46,34
FEMALE,BAYAKA,0,pass,NA,NA,pass,pass,NA,pass,NA,NA,NA,pass,NA,pass,YES,YES,RIGHT,RED,BILO,RIGHT,BLUE,BAYAKA,BLUE,LEFT,RIGHT,LEFT,18M -43S,1,1,0,17.09589,17-26,38
FEMALE,BAYAKA,0,pass,NA,NA,pass,pass,NA,pass,NA,NA,NA,pass,NA,pass,YES,YES,RIGHT,RED,BILO,RIGHT,BLUE,BAYAKA,BLUE,LEFT,RIGHT,LEFT,18M -43S,2,1,1,17.09589,17-26,38
MALE,BAYAKA,0,pass,NA,NA,pass,pass,NA,pass,NA,NA,NA,pass,NA,pass,YES,NO,LEFT,BLUE,BILO,RIGHT,RED,BAYAKA,RED,RIGHT,RIGHT,RIGHT,17M 28S,1,1,0,46.09589,37-46,11
MALE,BAYAKA,0,pass,NA,NA,pass,pass,NA,pass,NA,NA,NA,pass,NA,pass,YES,NO,LEFT,BLUE,BILO,RIGHT,RED,BAYAKA,RED,RIGHT,RIGHT,RIGHT,17M 28S,2,0,1,46.09589,37-46,11
FEMALE,BAYAKA,1,pass,NA,NA,pass,pass,NA,pass,NA,NA,NA,pass,NA,pass,YES,NO,RIGHT,BLUE,BAYAKA,LEFT,RED,BILO,BLUE,LEFT,RIGHT,RIGHT,16M -27S,1,1,1,10,9-10,189
FEMALE,BAYAKA,1,pass,NA,NA,pass,pass,NA,pass,NA,NA,NA,pass,NA,pass,YES,NO,RIGHT,BLUE,BAYAKA,LEFT,RED,BILO,BLUE,LEFT,RIGHT,RIGHT,16M -27S,2,1,0,10,9-10,189
FEMALE,BAYAKA,0,pass,NA,NA,pass,pass,NA,pass,NA,NA,NA,pass,NA,pass,YES,NO,LEFT,BLUE,BILO,RIGHT,RED,BAYAKA,RED,RIGHT,LEFT,LEFT,1H -39M -25S,1,1,0,55,47-56,182
FEMALE,BAYAKA,0,pass,NA,NA,pass,pass,NA,pass,NA,NA,NA,pass,NA,pass,YES,NO,LEFT,BLUE,BILO,RIGHT,RED,BAYAKA,RED,RIGHT,LEFT,LEFT,1H -39M -25S,2,1,1,55,47-56,182
MALE,BAYAKA,1,pass,NA,NA,pass,pass,NA,pass,NA,NA,NA,pass,NA,pass,YES,YES,RIGHT,BLUE,BAYAKA,LEFT,RED,BILO,BLUE,RIGHT,LEFT,LEFT,18M 50S,1,0,1,53,47-56,183
MALE,BAYAKA,1,pass,NA,NA,pass,pass,NA,pass,NA,NA,NA,pass,NA,pass,YES,YES,RIGHT,BLUE,BAYAKA,LEFT,RED,BILO,BLUE,RIGHT,LEFT,LEFT,18M 50S,2,1,0,53,47-56,183
FEMALE,BAYAKA,0,pass,NA,NA,pass,pass,NA,pass,NA,NA,NA,pass,NA,pass,YES,YES,LEFT,BLUE,BAYAKA,LEFT,RED,BILO,BLUE,RIGHT,RIGHT,LEFT,15M -13S,1,1,1,42,37-46,184
FEMALE,BAYAKA,0,pass,NA,NA,pass,pass,NA,pass,NA,NA,NA,pass,NA,pass,YES,YES,LEFT,BLUE,BAYAKA,LEFT,RED,BILO,BLUE,RIGHT,RIGHT,LEFT,15M -13S,2,0,0,42,37-46,184
MALE,BAYAKA,0,pass,NA,NA,pass,pass,NA,pass,NA,NA,NA,pass,NA,pass,YES,YES,LEFT,BLUE,BILO,RIGHT,RED,BAYAKA,RED,LEFT,RIGHT,LEFT,17M 37S,1,0,0,39.175342,37-46,18
MALE,BAYAKA,0,pass,NA,NA,pass,pass,NA,pass,NA,NA,NA,pass,NA,pass,YES,YES,LEFT,BLUE,BILO,RIGHT,RED,BAYAKA,RED,LEFT,RIGHT,LEFT,17M 37S,2,1,1,39.175342,37-46,18
FEMALE,BAYAKA,1,pass,NA,NA,pass,pass,NA,pass,NA,NA,NA,pass,NA,pass,YES,YES,LEFT,RED,BAYAKA,LEFT,BLUE,BILO,RED,RIGHT,LEFT,RIGHT,24M 4S,1,1,1,36.09589,27-36,19
FEMALE,BAYAKA,1,pass,NA,NA,pass,pass,NA,pass,NA,NA,NA,pass,NA,pass,YES,YES,LEFT,RED,BAYAKA,LEFT,BLUE,BILO,RED,RIGHT,LEFT,RIGHT,24M 4S,2,0,0,36.09589,27-36,19
FEMALE,BAYAKA,0,pass,NA,NA,pass,pass,NA,pass,NA,NA,NA,pass,NA,pass,YES,YES,RIGHT,BLUE,BILO,LEFT,RED,BAYAKA,RED,RIGHT,LEFT,LEFT,1H -45M 39S,1,0,0,37.0453419999998,37-46,51
FEMALE,BAYAKA,0,pass,NA,NA,pass,pass,NA,pass,NA,NA,NA,pass,NA,pass,YES,YES,RIGHT,BLUE,BILO,LEFT,RED,BAYAKA,RED,RIGHT,LEFT,LEFT,1H -45M 39S,2,0,1,37.0453419999998,37-46,51
MALE,BAYAKA,0,pass,NA,NA,pass,pass,NA,pass,NA,NA,NA,pass,NA,pass,YES,YES,LEFT,BLUE,BILO,LEFT,RED,BAYAKA,RED,RIGHT,RIGHT,LEFT,17M -2S,1,0,0,17.09589,17-26,27
MALE,BAYAKA,0,pass,NA,NA,pass,pass,NA,pass,NA,NA,NA,pass,NA,pass,YES,YES,LEFT,BLUE,BILO,LEFT,RED,BAYAKA,RED,RIGHT,RIGHT,LEFT,17M -2S,2,0,1,17.09589,17-26,27
MALE,BAYAKA,0,pass,NA,NA,pass,pass,NA,pass,NA,NA,NA,pass,NA,pass,YES,YES,LEFT,BLUE,BAYAKA,LEFT,RED,BILO,BLUE,RIGHT,RIGHT,RIGHT,18M -8S,1,1,1,13.09589,13-14,196
MALE,BAYAKA,0,pass,NA,NA,pass,pass,NA,pass,NA,NA,NA,pass,NA,pass,YES,YES,LEFT,BLUE,BAYAKA,LEFT,RED,BILO,BLUE,RIGHT,RIGHT,RIGHT,18M -8S,2,1,0,13.09589,13-14,196
MALE,BAYAKA,1,pass,NA,NA,pass,pass,NA,pass,NA,NA,NA,pass,NA,pass,YES,NO,LEFT,RED,BAYAKA,RIGHT,BLUE,BILO,RED,RIGHT,RIGHT,RIGHT,17M -18S,1,1,1,7.59589000000005,7-8,48
MALE,BAYAKA,1,pass,NA,NA,pass,pass,NA,pass,NA,NA,NA,pass,NA,pass,YES,NO,LEFT,RED,BAYAKA,RIGHT,BLUE,BILO,RED,RIGHT,RIGHT,RIGHT,17M -18S,2,0,0,7.59589000000005,7-8,48
MALE,BAYAKA,0,pass,NA,NA,pass,pass,NA,pass,NA,NA,NA,pass,NA,pass,YES,YES,LEFT,BLUE,BAYAKA,LEFT,RED,BILO,BLUE,LEFT,LEFT,LEFT,1H -44M 29S,1,0,1,13.175342,13-14,29
MALE,BAYAKA,0,pass,NA,NA,pass,pass,NA,pass,NA,NA,NA,pass,NA,pass,YES,YES,LEFT,BLUE,BAYAKA,LEFT,RED,BILO,BLUE,LEFT,LEFT,LEFT,1H -44M 29S,2,0,0,13.175342,13-14,29
MALE,BAYAKA,0,pass,NA,NA,pass,pass,NA,pass,NA,NA,NA,pass,NA,pass,YES,YES,LEFT,BLUE,BAYAKA,LEFT,RED,BILO,BLUE,LEFT,LEFT,RIGHT,14M 18S,1,0,1,53.59589,47-56,57
MALE,BAYAKA,0,pass,NA,NA,pass,pass,NA,pass,NA,NA,NA,pass,NA,pass,YES,YES,LEFT,BLUE,BAYAKA,LEFT,RED,BILO,BLUE,LEFT,LEFT,RIGHT,14M 18S,2,0,0,53.59589,47-56,57
MALE,BAYAKA,0,pass,NA,NA,pass,pass,NA,pass,NA,NA,NA,pass,NA,pass,NO,YES,LEFT,RED,BILO,LEFT,BLUE,BAYAKA,BLUE,LEFT,RIGHT,LEFT,1H -42M -33S,1,1,0,6,5-6,179
MALE,BAYAKA,0,pass,NA,NA,pass,pass,NA,pass,NA,NA,NA,pass,NA,pass,NO,YES,LEFT,RED,BILO,LEFT,BLUE,BAYAKA,BLUE,LEFT,RIGHT,LEFT,1H -42M -33S,2,0,1,6,5-6,179
FEMALE,BAYAKA,0,pass,NA,NA,pass,pass,NA,pass,NA,NA,NA,pass,NA,pass,NO,NO,RIGHT,BLUE,BILO,LEFT,RED,BAYAKA,RED,RIGHT,RIGHT,LEFT,13M -3S,1,0,0,8,7-8,41
FEMALE,BAYAKA,0,pass,NA,NA,pass,pass,NA,pass,NA,NA,NA,pass,NA,pass,NO,NO,RIGHT,BLUE,BILO,LEFT,RED,BAYAKA,RED,RIGHT,RIGHT,LEFT,13M -3S,2,0,1,8,7-8,41
MALE,BAYAKA,1,pass,NA,NA,pass,pass,NA,pass,NA,NA,NA,pass,NA,pass,YES,YES,RIGHT,BLUE,BILO,LEFT,RED,BAYAKA,RED,RIGHT,LEFT,LEFT,16M 2S,1,1,0,7.09589000000005,7-8,193
MALE,BAYAKA,1,pass,NA,NA,pass,pass,NA,pass,NA,NA,NA,pass,NA,pass,YES,YES,RIGHT,BLUE,BILO,LEFT,RED,BAYAKA,RED,RIGHT,LEFT,LEFT,16M 2S,2,0,1,7.09589000000005,7-8,193
MALE,BAYAKA,1,pass,NA,NA,pass,pass,NA,pass,NA,NA,NA,pass,NA,pass,NO,YES,RIGHT,BLUE,BILO,RIGHT,RED,BAYAKA,RED,LEFT,RIGHT,RIGHT,1H -46M -6S,1,0,0,7.59589000000005,7-8,39
MALE,BAYAKA,1,pass,NA,NA,pass,pass,NA,pass,NA,NA,NA,pass,NA,pass,NO,YES,RIGHT,BLUE,BILO,RIGHT,RED,BAYAKA,RED,LEFT,RIGHT,RIGHT,1H -46M -6S,2,1,1,7.59589000000005,7-8,39
FEMALE,BAYAKA,1,pass,NA,NA,pass,pass,NA,pass,NA,NA,NA,pass,NA,pass,YES,YES,RIGHT,BLUE,BAYAKA,RIGHT,RED,BILO,BLUE,RIGHT,LEFT,RIGHT,17M -34S,1,0,1,59.59589,57-66,199
FEMALE,BAYAKA,1,pass,NA,NA,pass,pass,NA,pass,NA,NA,NA,pass,NA,pass,YES,YES,RIGHT,BLUE,BAYAKA,RIGHT,RED,BILO,BLUE,RIGHT,LEFT,RIGHT,17M -34S,2,0,0,59.59589,57-66,199
FEMALE,BAYAKA,0,pass,NA,NA,pass,pass,NA,pass,NA,NA,NA,pass,NA,pass,YES,YES,RIGHT,RED,BAYAKA,RIGHT,BLUE,BILO,RED,RIGHT,LEFT,LEFT,1H -45M 3S,1,0,1,38.59589,37-46,25
FEMALE,BAYAKA,0,pass,NA,NA,pass,pass,NA,pass,NA,NA,NA,pass,NA,pass,YES,YES,RIGHT,RED,BAYAKA,RIGHT,BLUE,BILO,RED,RIGHT,LEFT,LEFT,1H -45M 3S,2,1,0,38.59589,37-46,25
FEMALE,BAYAKA,0,pass,NA,NA,pass,pass,NA,pass,NA,NA,NA,pass,NA,pass,YES,YES,RIGHT,BLUE,BILO,RIGHT,RED,BAYAKA,RED,LEFT,RIGHT,RIGHT,11M 20S,1,0,0,33,27-36,162
FEMALE,BAYAKA,0,pass,NA,NA,pass,pass,NA,pass,NA,NA,NA,pass,NA,pass,YES,YES,RIGHT,BLUE,BILO,RIGHT,RED,BAYAKA,RED,LEFT,RIGHT,RIGHT,11M 20S,2,0,1,33,27-36,162
FEMALE,BAYAKA,1,pass,NA,NA,pass,pass,NA,pass,NA,NA,NA,pass,NA,pass,NO,NO,RIGHT,BLUE,BILO,RIGHT,RED,BAYAKA,RED,RIGHT,RIGHT,LEFT,11M -8S,1,1,0,14,13-14,6
FEMALE,BAYAKA,1,pass,NA,NA,pass,pass,NA,pass,NA,NA,NA,pass,NA,pass,NO,NO,RIGHT,BLUE,BILO,RIGHT,RED,BAYAKA,RED,RIGHT,RIGHT,LEFT,11M -8S,2,0,1,14,13-14,6
FEMALE,BAYAKA,1,pass,NA,NA,pass,pass,NA,pass,NA,NA,NA,pass,NA,pass,NO,NO,RIGHT,RED,BAYAKA,LEFT,BLUE,BILO,RED,RIGHT,LEFT,RIGHT,11M 24S,1,0,1,7.59589000000005,7-8,10
FEMALE,BAYAKA,1,pass,NA,NA,pass,pass,NA,pass,NA,NA,NA,pass,NA,pass,NO,NO,RIGHT,RED,BAYAKA,LEFT,BLUE,BILO,RED,RIGHT,LEFT,RIGHT,11M 24S,2,0,0,7.59589000000005,7-8,10
MALE,BAYAKA,0,pass,NA,NA,pass,pass,NA,pass,NA,NA,NA,pass,NA,pass,YES,YES,LEFT,RED,BAYAKA,RIGHT,BLUE,BILO,RED,LEFT,LEFT,RIGHT,12M 19S,1,1,1,50,47-56,175
MALE,BAYAKA,0,pass,NA,NA,pass,pass,NA,pass,NA,NA,NA,pass,NA,pass,YES,YES,LEFT,RED,BAYAKA,RIGHT,BLUE,BILO,RED,LEFT,LEFT,RIGHT,12M 19S,2,0,0,50,47-56,175
MALE,BAYAKA,0,pass,NA,NA,pass,pass,NA,pass,NA,NA,NA,pass,NA,pass,YES,NO,LEFT,BLUE,BILO,LEFT,RED,BAYAKA,RED,LEFT,RIGHT,RIGHT,1H -48M -2S,1,0,0,7,7-8,187
MALE,BAYAKA,0,pass,NA,NA,pass,pass,NA,pass,NA,NA,NA,pass,NA,pass,YES,NO,LEFT,BLUE,BILO,LEFT,RED,BAYAKA,RED,LEFT,RIGHT,RIGHT,1H -48M -2S,2,1,1,7,7-8,187
MALE,BAYAKA,0,pass,NA,NA,pass,pass,NA,pass,NA,NA,NA,pass,NA,pass,YES,YES,RIGHT,BLUE,BAYAKA,LEFT,RED,BILO,BLUE,LEFT,RIGHT,RIGHT,12M 28S,1,0,1,15.59589,15-16,60
MALE,BAYAKA,0,pass,NA,NA,pass,pass,NA,pass,NA,NA,NA,pass,NA,pass,YES,YES,RIGHT,BLUE,BAYAKA,LEFT,RED,BILO,BLUE,LEFT,RIGHT,RIGHT,12M 28S,2,0,0,15.59589,15-16,60
MALE,BAYAKA,0,pass,NA,NA,pass,pass,NA,pass,NA,NA,NA,pass,NA,pass,YES,YES,LEFT,BLUE,BAYAKA,LEFT,RED,BILO,BLUE,LEFT,LEFT,LEFT,13M -28S,1,0,1,10.59589,9-10,12
MALE,BAYAKA,0,pass,NA,NA,pass,pass,NA,pass,NA,NA,NA,pass,NA,pass,YES,YES,LEFT,BLUE,BAYAKA,LEFT,RED,BILO,BLUE,LEFT,LEFT,LEFT,13M -28S,2,0,0,10.59589,9-10,12
MALE,BAYAKA,1,pass,NA,NA,pass,pass,NA,pass,NA,NA,NA,pass,NA,pass,YES,YES,RIGHT,BLUE,BILO,RIGHT,RED,BAYAKA,RED,LEFT,RIGHT,LEFT,1H -48M 14S,1,0,0,39.175342,37-46,23
MALE,BAYAKA,1,pass,NA,NA,pass,pass,NA,pass,NA,NA,NA,pass,NA,pass,YES,YES,RIGHT,BLUE,BILO,RIGHT,RED,BAYAKA,RED,LEFT,RIGHT,LEFT,1H -48M 14S,2,0,1,39.175342,37-46,23
MALE,BAYAKA,0,pass,NA,NA,pass,pass,NA,pass,NA,NA,NA,pass,NA,pass,YES,YES,RIGHT,BLUE,BAYAKA,RIGHT,RED,BILO,BLUE,RIGHT,LEFT,RIGHT,12M -14S,1,0,1,27,27-36,181
MALE,BAYAKA,0,pass,NA,NA,pass,pass,NA,pass,NA,NA,NA,pass,NA,pass,YES,YES,RIGHT,BLUE,BAYAKA,RIGHT,RED,BILO,BLUE,RIGHT,LEFT,RIGHT,12M -14S,2,0,0,27,27-36,181
MALE,BAYAKA,0,pass,NA,NA,pass,pass,NA,pass,NA,NA,NA,pass,NA,pass,YES,NO,LEFT,BLUE,BILO,LEFT,RED,BAYAKA,RED,LEFT,LEFT,LEFT,18M 3S,1,1,0,9.175342,9-10,49
MALE,BAYAKA,0,pass,NA,NA,pass,pass,NA,pass,NA,NA,NA,pass,NA,pass,YES,NO,LEFT,BLUE,BILO,LEFT,RED,BAYAKA,RED,LEFT,LEFT,LEFT,18M 3S,2,0,1,9.175342,9-10,49
FEMALE,BAYAKA,0,pass,NA,NA,pass,pass,NA,pass,NA,NA,NA,pass,NA,pass,NO,NO,RIGHT,RED,BAYAKA,RIGHT,BLUE,BILO,RED,LEFT,LEFT,LEFT,1H -48M -46S,1,0,1,9.59589000000005,9-10,37
FEMALE,BAYAKA,0,pass,NA,NA,pass,pass,NA,pass,NA,NA,NA,pass,NA,pass,NO,NO,RIGHT,RED,BAYAKA,RIGHT,BLUE,BILO,RED,LEFT,LEFT,LEFT,1H -48M -46S,2,0,0,9.59589000000005,9-10,37
FEMALE,BAYAKA,0,pass,NA,NA,pass,pass,NA,pass,NA,NA,NA,pass,NA,pass,NO,YES,RIGHT,RED,BAYAKA,RIGHT,BLUE,BILO,RED,RIGHT,LEFT,LEFT,13M 3S,1,0,1,9.59589000000005,9-10,176
FEMALE,BAYAKA,0,pass,NA,NA,pass,pass,NA,pass,NA,NA,NA,pass,NA,pass,NO,YES,RIGHT,RED,BAYAKA,RIGHT,BLUE,BILO,RED,RIGHT,LEFT,LEFT,13M 3S,2,0,0,9.59589000000005,9-10,176
MALE,BAYAKA,1,pass,NA,NA,pass,pass,NA,pass,NA,NA,NA,pass,NA,pass,YES,YES,RIGHT,RED,BILO,RIGHT,BLUE,BAYAKA,BLUE,RIGHT,RIGHT,RIGHT,12M 41S,1,1,0,6.59589000000005,5-6,58
MALE,BAYAKA,1,pass,NA,NA,pass,pass,NA,pass,NA,NA,NA,pass,NA,pass,YES,YES,RIGHT,RED,BILO,RIGHT,BLUE,BAYAKA,BLUE,RIGHT,RIGHT,RIGHT,12M 41S,2,0,1,6.59589000000005,5-6,58
FEMALE,BAYAKA,1,pass,NA,NA,pass,pass,NA,pass,NA,NA,NA,pass,NA,pass,YES,YES,LEFT,RED,BAYAKA,LEFT,BLUE,BILO,RED,RIGHT,LEFT,RIGHT,16M -37S,1,0,1,5.59589000000005,5-6,62
FEMALE,BAYAKA,1,pass,NA,NA,pass,pass,NA,pass,NA,NA,NA,pass,NA,pass,YES,YES,LEFT,RED,BAYAKA,LEFT,BLUE,BILO,RED,RIGHT,LEFT,RIGHT,16M -37S,2,0,0,5.59589000000005,5-6,62
FEMALE,BANDONGO,0,pass,NA,NA,pass,pass,NA,fail,pass,NA,NA,pass,NA,pass,NO,NO,RIGHT,RED,BANDONGO,RIGHT,BLUE,BAYAKA,RED,LEFT,LEFT,RIGHT,19M 34S,1,0,1,8.09589000000005,7-8,197
FEMALE,BANDONGO,0,pass,NA,NA,pass,pass,NA,fail,pass,NA,NA,pass,NA,pass,NO,NO,RIGHT,RED,BANDONGO,RIGHT,BLUE,BAYAKA,RED,LEFT,LEFT,RIGHT,19M 34S,2,0,0,8.09589000000005,7-8,197
MALE,BANDONGO,0,pass,NA,NA,pass,pass,NA,pass,NA,NA,NA,pass,NA,pass,YES,YES,RIGHT,BLUE,BAYAKA,LEFT,RED,BANDONGO,RED,LEFT,RIGHT,RIGHT,16M 31S,1,0,0,39.09589,37-46,44
MALE,BANDONGO,0,pass,NA,NA,pass,pass,NA,pass,NA,NA,NA,pass,NA,pass,YES,YES,RIGHT,BLUE,BAYAKA,LEFT,RED,BANDONGO,RED,LEFT,RIGHT,RIGHT,16M 31S,2,1,1,39.09589,37-46,44
FEMALE,BANDONGO,1,pass,NA,NA,pass,pass,NA,pass,NA,NA,NA,pass,NA,pass,NO,NO,LEFT,RED,BANDONGO,LEFT,BLUE,BAYAKA,RED,RIGHT,LEFT,RIGHT,12M -6S,1,0,1,10.7999999999999,9-10,9
FEMALE,BANDONGO,1,pass,NA,NA,pass,pass,NA,pass,NA,NA,NA,pass,NA,pass,NO,NO,LEFT,RED,BANDONGO,LEFT,BLUE,BAYAKA,RED,RIGHT,LEFT,RIGHT,12M -6S,2,0,0,10.7999999999999,9-10,9
FEMALE,BANDONGO,1,pass,NA,NA,pass,pass,NA,pass,NA,NA,NA,pass,NA,pass,NO,NO,RIGHT,RED,BANDONGO,LEFT,BLUE,BAYAKA,RED,LEFT,LEFT,LEFT,1H -49M 2S,1,0,1,10.2712329999999,9-10,26
FEMALE,BANDONGO,1,pass,NA,NA,pass,pass,NA,pass,NA,NA,NA,pass,NA,pass,NO,NO,RIGHT,RED,BANDONGO,LEFT,BLUE,BAYAKA,RED,LEFT,LEFT,LEFT,1H -49M 2S,2,1,0,10.2712329999999,9-10,26
FEMALE,BANDONGO,0,pass,NA,NA,pass,pass,NA,fail,pass,NA,NA,pass,NA,pass,NO,NO,RIGHT,BLUE,BANDONGO,LEFT,RED,BAYAKA,BLUE,RIGHT,RIGHT,LEFT,14M -23S,1,1,1,13,13-14,21
FEMALE,BANDONGO,0,pass,NA,NA,pass,pass,NA,fail,pass,NA,NA,pass,NA,pass,NO,NO,RIGHT,BLUE,BANDONGO,LEFT,RED,BAYAKA,BLUE,RIGHT,RIGHT,LEFT,14M -23S,2,1,0,13,13-14,21
MALE,BANDONGO,0,pass,NA,NA,pass,pass,NA,pass,NA,NA,NA,pass,NA,pass,NO,NO,LEFT,RED,BANDONGO,RIGHT,BLUE,BAYAKA,RED,RIGHT,RIGHT,LEFT,9M -14S,1,0,1,13.09589,13-14,33
MALE,BANDONGO,0,pass,NA,NA,pass,pass,NA,pass,NA,NA,NA,pass,NA,pass,NO,NO,LEFT,RED,BANDONGO,RIGHT,BLUE,BAYAKA,RED,RIGHT,RIGHT,LEFT,9M -14S,2,0,0,13.09589,13-14,33
FEMALE,BANDONGO,1,pass,NA,NA,pass,pass,NA,pass,NA,NA,NA,pass,NA,pass,NO,NO,LEFT,RED,BANDONGO,LEFT,BLUE,BAYAKA,RED,LEFT,LEFT,RIGHT,10M 23S,1,0,1,7.09589000000005,7-8,198
FEMALE,BANDONGO,1,pass,NA,NA,pass,pass,NA,pass,NA,NA,NA,pass,NA,pass,NO,NO,LEFT,RED,BANDONGO,LEFT,BLUE,BAYAKA,RED,LEFT,LEFT,RIGHT,10M 23S,2,1,0,7.09589000000005,7-8,198
FEMALE,BANDONGO,0,pass,NA,NA,pass,pass,NA,pass,NA,NA,NA,pass,NA,pass,NO,NO,RIGHT,RED,BANDONGO,LEFT,BLUE,BAYAKA,RED,LEFT,RIGHT,LEFT,1H -47M 2S,1,1,1,9.09589000000005,9-10,172
FEMALE,BANDONGO,0,pass,NA,NA,pass,pass,NA,pass,NA,NA,NA,pass,NA,pass,NO,NO,RIGHT,RED,BANDONGO,LEFT,BLUE,BAYAKA,RED,LEFT,RIGHT,LEFT,1H -47M 2S,2,1,0,9.09589000000005,9-10,172
MALE,BANDONGO,1,pass,NA,NA,pass,fail,pass,pass,NA,NA,NA,pass,NA,pass,NO,NO,RIGHT,BLUE,BAYAKA,RIGHT,RED,BANDONGO,RED,RIGHT,RIGHT,LEFT,12M -7S,1,0,0,13.09589,13-14,195
MALE,BANDONGO,1,pass,NA,NA,pass,fail,pass,pass,NA,NA,NA,pass,NA,pass,NO,NO,RIGHT,BLUE,BAYAKA,RIGHT,RED,BANDONGO,RED,RIGHT,RIGHT,LEFT,12M -7S,2,0,1,13.09589,13-14,195
FEMALE,BANDONGO,0,pass,NA,NA,pass,pass,NA,pass,NA,NA,NA,pass,NA,pass,NO,NO,LEFT,RED,BANDONGO,LEFT,BLUE,BAYAKA,RED,LEFT,RIGHT,LEFT,12M -21S,1,0,1,7.79999999999995,7-8,43
FEMALE,BANDONGO,0,pass,NA,NA,pass,pass,NA,pass,NA,NA,NA,pass,NA,pass,NO,NO,LEFT,RED,BANDONGO,LEFT,BLUE,BAYAKA,RED,LEFT,RIGHT,LEFT,12M -21S,2,0,0,7.79999999999995,7-8,43
MALE,BANDONGO,0,pass,NA,NA,pass,pass,NA,pass,NA,NA,NA,pass,NA,pass,NO,NO,LEFT,BLUE,BAYAKA,LEFT,RED,BANDONGO,RED,RIGHT,RIGHT,RIGHT,8M 23S,1,1,0,9.79999999999995,9-10,165
MALE,BANDONGO,0,pass,NA,NA,pass,pass,NA,pass,NA,NA,NA,pass,NA,pass,NO,NO,LEFT,BLUE,BAYAKA,LEFT,RED,BANDONGO,RED,RIGHT,RIGHT,RIGHT,8M 23S,2,0,1,9.79999999999995,9-10,165
FEMALE,BANDONGO,0,pass,NA,NA,pass,pass,NA,pass,NA,NA,NA,pass,NA,pass,NO,NO,RIGHT,RED,BAYAKA,LEFT,BLUE,BANDONGO,BLUE,LEFT,LEFT,LEFT,1H -49M -27S,1,1,0,11.09589,11-12,36
FEMALE,BANDONGO,0,pass,NA,NA,pass,pass,NA,pass,NA,NA,NA,pass,NA,pass,NO,NO,RIGHT,RED,BAYAKA,LEFT,BLUE,BANDONGO,BLUE,LEFT,LEFT,LEFT,1H -49M -27S,2,1,1,11.09589,11-12,36
MALE,BANDONGO,0,pass,NA,NA,pass,pass,NA,pass,NA,NA,NA,pass,NA,pass,YES,YES,RIGHT,RED,BAYAKA,RIGHT,BLUE,BANDONGO,BLUE,LEFT,LEFT,RIGHT,12M 17S,1,0,0,25.09589,17-26,174
MALE,BANDONGO,0,pass,NA,NA,pass,pass,NA,pass,NA,NA,NA,pass,NA,pass,YES,YES,RIGHT,RED,BAYAKA,RIGHT,BLUE,BANDONGO,BLUE,LEFT,LEFT,RIGHT,12M 17S,2,0,1,25.09589,17-26,174
MALE,BANDONGO,0,pass,NA,NA,pass,pass,NA,pass,NA,NA,NA,pass,NA,pass,YES,YES,RIGHT,BLUE,BANDONGO,LEFT,RED,BAYAKA,BLUE,LEFT,RIGHT,LEFT,13M 22S,1,1,1,38.671233,37-46,59
MALE,BANDONGO,0,pass,NA,NA,pass,pass,NA,pass,NA,NA,NA,pass,NA,pass,YES,YES,RIGHT,BLUE,BANDONGO,LEFT,RED,BAYAKA,BLUE,LEFT,RIGHT,LEFT,13M 22S,2,0,0,38.671233,37-46,59
FEMALE,BAYAKA,0,pass,NA,NA,pass,pass,NA,pass,NA,NA,NA,pass,NA,pass,YES,YES,LEFT,RED,BILO,LEFT,BLUE,BAYAKA,BLUE,RIGHT,RIGHT,LEFT,14M 8S,1,1,0,15.7753419999999,15-16,53
FEMALE,BAYAKA,0,pass,NA,NA,pass,pass,NA,pass,NA,NA,NA,pass,NA,pass,YES,YES,LEFT,RED,BILO,LEFT,BLUE,BAYAKA,BLUE,RIGHT,RIGHT,LEFT,14M 8S,2,0,1,15.7753419999999,15-16,53
MALE,BANDONGO,0,pass,NA,NA,pass,pass,NA,pass,NA,NA,NA,pass,NA,pass,YES,YES,RIGHT,RED,BAYAKA,LEFT,BLUE,BANDONGO,BLUE,LEFT,RIGHT,LEFT,10M 6S,1,0,0,37.8191779999999,37-46,4
MALE,BANDONGO,0,pass,NA,NA,pass,pass,NA,pass,NA,NA,NA,pass,NA,pass,YES,YES,RIGHT,RED,BAYAKA,LEFT,BLUE,BANDONGO,BLUE,LEFT,RIGHT,LEFT,10M 6S,2,0,1,37.8191779999999,37-46,4
MALE,BANDONGO,0,pass,NA,NA,fail,fail,pass,pass,NA,NA,NA,pass,NA,pass,NO,YES,LEFT,RED,BANDONGO,LEFT,BLUE,BAYAKA,RED,RIGHT,LEFT,LEFT,9M -6S,1,0,1,38.7999999999999,37-46,167
MALE,BANDONGO,0,pass,NA,NA,fail,fail,pass,pass,NA,NA,NA,pass,NA,pass,NO,YES,LEFT,RED,BANDONGO,LEFT,BLUE,BAYAKA,RED,RIGHT,LEFT,LEFT,9M -6S,2,1,0,38.7999999999999,37-46,167
MALE,BANDONGO,1,pass,NA,NA,pass,pass,NA,pass,NA,NA,NA,pass,NA,pass,YES,YES,RIGHT,RED,BANDONGO,RIGHT,BLUE,BAYAKA,RED,LEFT,LEFT,RIGHT,10M 2S,1,1,1,33,27-36,178
MALE,BANDONGO,1,pass,NA,NA,pass,pass,NA,pass,NA,NA,NA,pass,NA,pass,YES,YES,RIGHT,RED,BANDONGO,RIGHT,BLUE,BAYAKA,RED,LEFT,LEFT,RIGHT,10M 2S,2,1,0,33,27-36,178
MALE,BANDONGO,0,pass,NA,NA,pass,pass,NA,pass,NA,NA,NA,pass,NA,pass,YES,YES,LEFT,RED,BAYAKA,LEFT,BLUE,BANDONGO,BLUE,RIGHT,LEFT,LEFT,11M -22S,1,1,0,31.863014,27-36,55
MALE,BANDONGO,0,pass,NA,NA,pass,pass,NA,pass,NA,NA,NA,pass,NA,pass,YES,YES,LEFT,RED,BAYAKA,LEFT,BLUE,BANDONGO,BLUE,RIGHT,LEFT,LEFT,11M -22S,2,1,1,31.863014,27-36,55
MALE,BANDONGO,1,pass,NA,NA,fail,pass,NA,fail,pass,NA,NA,pass,NA,pass,YES,YES,LEFT,BLUE,BANDONGO,RIGHT,RED,BAYAKA,BLUE,RIGHT,LEFT,LEFT,11M -2S,1,1,1,37.632877,37-46,35
MALE,BANDONGO,1,pass,NA,NA,fail,pass,NA,fail,pass,NA,NA,pass,NA,pass,YES,YES,LEFT,BLUE,BANDONGO,RIGHT,RED,BAYAKA,BLUE,RIGHT,LEFT,LEFT,11M -2S,2,1,0,37.632877,37-46,35
FEMALE,BANDONGO,0,pass,NA,NA,pass,pass,NA,fail,pass,NA,NA,pass,NA,pass,YES,YES,RIGHT,RED,BANDONGO,RIGHT,BLUE,BAYAKA,RED,RIGHT,RIGHT,RIGHT,10M 3S,1,0,1,36.09589,27-36,45
FEMALE,BANDONGO,0,pass,NA,NA,pass,pass,NA,fail,pass,NA,NA,pass,NA,pass,YES,YES,RIGHT,RED,BANDONGO,RIGHT,BLUE,BAYAKA,RED,RIGHT,RIGHT,RIGHT,10M 3S,2,0,0,36.09589,27-36,45
FEMALE,BANDONGO,1,pass,NA,NA,pass,pass,NA,pass,NA,NA,NA,pass,NA,pass,YES,YES,LEFT,BLUE,BAYAKA,RIGHT,RED,BANDONGO,RED,RIGHT,LEFT,RIGHT,13M -10S,1,0,0,34.7999999999999,27-36,20
FEMALE,BANDONGO,1,pass,NA,NA,pass,pass,NA,pass,NA,NA,NA,pass,NA,pass,YES,YES,LEFT,BLUE,BAYAKA,RIGHT,RED,BANDONGO,RED,RIGHT,LEFT,RIGHT,13M -10S,2,1,1,34.7999999999999,27-36,20
FEMALE,BANDONGO,0,pass,NA,NA,pass,pass,NA,pass,NA,NA,NA,pass,NA,pass,YES,YES,LEFT,RED,BANDONGO,LEFT,BLUE,BAYAKA,RED,RIGHT,RIGHT,RIGHT,1H -48M 36S,1,0,1,43.09589,37-46,194
FEMALE,BANDONGO,0,pass,NA,NA,pass,pass,NA,pass,NA,NA,NA,pass,NA,pass,YES,YES,LEFT,RED,BANDONGO,LEFT,BLUE,BAYAKA,RED,RIGHT,RIGHT,RIGHT,1H -48M 36S,2,0,0,43.09589,37-46,194
MALE,BANDONGO,1,pass,NA,NA,pass,pass,NA,pass,NA,NA,NA,pass,NA,pass,YES,YES,LEFT,BLUE,BANDONGO,RIGHT,RED,BAYAKA,BLUE,LEFT,RIGHT,RIGHT,12M -1S,1,1,1,40.1287669999999,37-46,30
MALE,BANDONGO,1,pass,NA,NA,pass,pass,NA,pass,NA,NA,NA,pass,NA,pass,YES,YES,LEFT,BLUE,BANDONGO,RIGHT,RED,BAYAKA,BLUE,LEFT,RIGHT,RIGHT,12M -1S,2,1,0,40.1287669999999,37-46,30
FEMALE,BANDONGO,0,pass,NA,NA,pass,pass,NA,pass,NA,NA,NA,pass,NA,pass,NO,NO,LEFT,RED,BAYAKA,LEFT,BLUE,BANDONGO,BLUE,RIGHT,RIGHT,RIGHT,10M 3S,1,0,0,6.79999999999995,5-6,14
FEMALE,BANDONGO,0,pass,NA,NA,pass,pass,NA,pass,NA,NA,NA,pass,NA,pass,NO,NO,LEFT,RED,BAYAKA,LEFT,BLUE,BANDONGO,BLUE,RIGHT,RIGHT,RIGHT,10M 3S,2,0,1,6.79999999999995,5-6,14
FEMALE,BANDONGO,1,pass,NA,NA,pass,pass,NA,pass,NA,NA,NA,pass,NA,pass,NO_RESPONSE,NO,LEFT,BLUE,BANDONGO,RIGHT,RED,BAYAKA,BLUE,RIGHT,LEFT,RIGHT,1H -50M -13S,1,1,1,10.7999999999999,9-10,52
FEMALE,BANDONGO,1,pass,NA,NA,pass,pass,NA,pass,NA,NA,NA,pass,NA,pass,NO_RESPONSE,NO,LEFT,BLUE,BANDONGO,RIGHT,RED,BAYAKA,BLUE,RIGHT,LEFT,RIGHT,1H -50M -13S,2,0,0,10.7999999999999,9-10,52
MALE,BANDONGO,0,pass,NA,NA,pass,pass,NA,pass,NA,NA,NA,pass,NA,pass,NO,NO,LEFT,RED,BANDONGO,RIGHT,BLUE,BAYAKA,RED,RIGHT,RIGHT,LEFT,9M -14S,1,0,1,10.7999999999999,9-10,164
MALE,BANDONGO,0,pass,NA,NA,pass,pass,NA,pass,NA,NA,NA,pass,NA,pass,NO,NO,LEFT,RED,BANDONGO,RIGHT,BLUE,BAYAKA,RED,RIGHT,RIGHT,LEFT,9M -14S,2,0,0,10.7999999999999,9-10,164
MALE,BANDONGO,0,pass,NA,NA,pass,pass,NA,pass,NA,NA,NA,pass,NA,pass,NO,NO,RIGHT,BLUE,BAYAKA,RIGHT,RED,BANDONGO,RED,LEFT,LEFT,LEFT,7M -13S,1,0,0,13.7999999999999,13-14,31
MALE,BANDONGO,0,pass,NA,NA,pass,pass,NA,pass,NA,NA,NA,pass,NA,pass,NO,NO,RIGHT,BLUE,BAYAKA,RIGHT,RED,BANDONGO,RED,LEFT,LEFT,LEFT,7M -13S,2,0,1,13.7999999999999,13-14,31
FEMALE,BANDONGO,1,pass,NA,NA,pass,pass,NA,pass,NA,NA,NA,pass,NA,pass,YES,YES,RIGHT,RED,BAYAKA,RIGHT,BLUE,BANDONGO,BLUE,RIGHT,LEFT,RIGHT,9M -2S,1,1,0,5.09589000000005,5-6,190
FEMALE,BANDONGO,1,pass,NA,NA,pass,pass,NA,pass,NA,NA,NA,pass,NA,pass,YES,YES,RIGHT,RED,BAYAKA,RIGHT,BLUE,BANDONGO,BLUE,RIGHT,LEFT,RIGHT,9M -2S,2,0,1,5.09589000000005,5-6,190
MALE,BANDONGO,0,pass,NA,NA,pass,pass,NA,pass,NA,NA,NA,pass,NA,pass,NO_RESPONSE,NO_RESPONSE,LEFT,BLUE,BANDONGO,RIGHT,RED,BAYAKA,BLUE,LEFT,LEFT,LEFT,1H -51M 10S,1,1,1,5.59589000000005,5-6,32
MALE,BANDONGO,0,pass,NA,NA,pass,pass,NA,pass,NA,NA,NA,pass,NA,pass,NO_RESPONSE,NO_RESPONSE,LEFT,BLUE,BANDONGO,RIGHT,RED,BAYAKA,BLUE,LEFT,LEFT,LEFT,1H -51M 10S,2,1,0,5.59589000000005,5-6,32
MALE,BANDONGO,0,pass,NA,NA,pass,pass,NA,pass,NA,NA,NA,pass,NA,pass,YES,NO,LEFT,RED,BANDONGO,RIGHT,BLUE,BAYAKA,RED,LEFT,LEFT,LEFT,8M 3S,1,0,1,11.09589,11-12,173
MALE,BANDONGO,0,pass,NA,NA,pass,pass,NA,pass,NA,NA,NA,pass,NA,pass,YES,NO,LEFT,RED,BANDONGO,RIGHT,BLUE,BAYAKA,RED,LEFT,LEFT,LEFT,8M 3S,2,0,0,11.09589,11-12,173
MALE,BANDONGO,0,pass,NA,NA,pass,pass,NA,pass,NA,NA,NA,pass,NA,pass,YES,NO,LEFT,RED,BANDONGO,RIGHT,BLUE,BAYAKA,RED,RIGHT,LEFT,RIGHT,8M 10S,1,0,1,11.7999999999999,11-12,16
MALE,BANDONGO,0,pass,NA,NA,pass,pass,NA,pass,NA,NA,NA,pass,NA,pass,YES,NO,LEFT,RED,BANDONGO,RIGHT,BLUE,BAYAKA,RED,RIGHT,LEFT,RIGHT,8M 10S,2,0,0,11.7999999999999,11-12,16
MALE,BANDONGO,1,pass,NA,NA,fail,pass,NA,pass,NA,NA,NA,pass,NA,pass,NO,NO,LEFT,RED,BAYAKA,RIGHT,BLUE,BANDONGO,BLUE,LEFT,RIGHT,RIGHT,7M -7S,1,1,0,14.59589,13-14,2
MALE,BANDONGO,1,pass,NA,NA,fail,pass,NA,pass,NA,NA,NA,pass,NA,pass,NO,NO,LEFT,RED,BAYAKA,RIGHT,BLUE,BANDONGO,BLUE,LEFT,RIGHT,RIGHT,7M -7S,2,1,1,14.59589,13-14,2
FEMALE,BANDONGO,0,pass,NA,NA,pass,pass,NA,pass,NA,NA,NA,pass,NA,pass,NO,NO,RIGHT,BLUE,BAYAKA,RIGHT,RED,BANDONGO,RED,RIGHT,RIGHT,RIGHT,7M -2S,1,0,0,8.59589000000005,7-8,63
FEMALE,BANDONGO,0,pass,NA,NA,pass,pass,NA,pass,NA,NA,NA,pass,NA,pass,NO,NO,RIGHT,BLUE,BAYAKA,RIGHT,RED,BANDONGO,RED,RIGHT,RIGHT,RIGHT,7M -2S,2,0,1,8.59589000000005,7-8,63
FEMALE,BAYAKA,0,pass,NA,NA,pass,pass,NA,pass,NA,NA,NA,pass,NA,pass,YES,NO,LEFT,BLUE,BAYAKA,RIGHT,RED,BILO,BLUE,RIGHT,RIGHT,LEFT,16M 16S,1,0,1,10,9-10,47
FEMALE,BAYAKA,0,pass,NA,NA,pass,pass,NA,pass,NA,NA,NA,pass,NA,pass,YES,NO,LEFT,BLUE,BAYAKA,RIGHT,RED,BILO,BLUE,RIGHT,RIGHT,LEFT,16M 16S,2,0,0,10,9-10,47
MALE,BAYAKA,0,pass,NA,NA,pass,pass,NA,pass,NA,NA,NA,pass,NA,pass,YES,YES,RIGHT,BLUE,BAYAKA,RIGHT,RED,BILO,BLUE,LEFT,RIGHT,LEFT,18M 10S,1,0,1,11,11-12,185
MALE,BAYAKA,0,pass,NA,NA,pass,pass,NA,pass,NA,NA,NA,pass,NA,pass,YES,YES,RIGHT,BLUE,BAYAKA,RIGHT,RED,BILO,BLUE,LEFT,RIGHT,LEFT,18M 10S,2,1,0,11,11-12,185
FEMALE,BAYAKA,0,pass,NA,NA,pass,pass,NA,pass,NA,NA,NA,pass,NA,pass,YES,NO,LEFT,RED,BILO,RIGHT,BLUE,BAYAKA,BLUE,RIGHT,RIGHT,RIGHT,1H -48M -13S,1,1,0,8,7-8,186
FEMALE,BAYAKA,0,pass,NA,NA,pass,pass,NA,pass,NA,NA,NA,pass,NA,pass,YES,NO,LEFT,RED,BILO,RIGHT,BLUE,BAYAKA,BLUE,RIGHT,RIGHT,RIGHT,1H -48M -13S,2,0,1,8,7-8,186
FEMALE,BANDONGO,1,pass,NA,NA,pass,pass,NA,pass,NA,NA,NA,pass,NA,pass,YES,YES,LEFT,BLUE,BAYAKA,RIGHT,RED,BANDONGO,RED,LEFT,LEFT,LEFT,10M 35S,1,0,0,66.09589,57-66,61
FEMALE,BANDONGO,1,pass,NA,NA,pass,pass,NA,pass,NA,NA,NA,pass,NA,pass,YES,YES,LEFT,BLUE,BAYAKA,RIGHT,RED,BANDONGO,RED,LEFT,LEFT,LEFT,10M 35S,2,0,1,66.09589,57-66,61
FEMALE,BANDONGO,1,pass,NA,NA,pass,pass,NA,pass,NA,NA,NA,pass,NA,pass,YES,YES,RIGHT,BLUE,BANDONGO,LEFT,RED,BAYAKA,BLUE,LEFT,LEFT,RIGHT,1H -51M 25S,1,1,1,5.79999999999995,5-6,3
FEMALE,BANDONGO,1,pass,NA,NA,pass,pass,NA,pass,NA,NA,NA,pass,NA,pass,YES,YES,RIGHT,BLUE,BANDONGO,LEFT,RED,BAYAKA,BLUE,LEFT,LEFT,RIGHT,1H -51M 25S,2,1,0,5.79999999999995,5-6,3
FEMALE,BANDONGO,0,pass,NA,NA,pass,pass,NA,pass,NA,NA,NA,pass,NA,pass,YES,NO,LEFT,BLUE,BAYAKA,RIGHT,RED,BANDONGO,RED,LEFT,LEFT,RIGHT,7M 17S,1,0,0,11.6060109999998,11-12,168
FEMALE,BANDONGO,0,pass,NA,NA,pass,pass,NA,pass,NA,NA,NA,pass,NA,pass,YES,NO,LEFT,BLUE,BAYAKA,RIGHT,RED,BANDONGO,RED,LEFT,LEFT,RIGHT,7M 17S,2,0,1,11.6060109999998,11-12,168
FEMALE,BANDONGO,1,pass,NA,NA,pass,pass,NA,pass,NA,NA,NA,pass,NA,pass,YES,YES,RIGHT,BLUE,BANDONGO,LEFT,RED,BAYAKA,BLUE,LEFT,RIGHT,RIGHT,8M 16S,1,1,1,11.6060109999998,11-12,54
FEMALE,BANDONGO,1,pass,NA,NA,pass,pass,NA,pass,NA,NA,NA,pass,NA,pass,YES,YES,RIGHT,BLUE,BANDONGO,LEFT,RED,BAYAKA,BLUE,LEFT,RIGHT,RIGHT,8M 16S,2,0,0,11.6060109999998,11-12,54
MALE,BANDONGO,0,pass,NA,NA,pass,pass,NA,pass,NA,NA,NA,pass,NA,pass,NOT_SURE,YES,RIGHT,RED,BAYAKA,RIGHT,BLUE,BANDONGO,BLUE,RIGHT,LEFT,RIGHT,8M -7S,1,0,0,14.7999999999999,13-14,56
MALE,BANDONGO,0,pass,NA,NA,pass,pass,NA,pass,NA,NA,NA,pass,NA,pass,NOT_SURE,YES,RIGHT,RED,BAYAKA,RIGHT,BLUE,BANDONGO,BLUE,RIGHT,LEFT,RIGHT,8M -7S,2,0,1,14.7999999999999,13-14,56
MALE,BANDONGO,0,pass,NA,NA,pass,pass,NA,pass,NA,NA,NA,pass,NA,pass,YES,YES,RIGHT,BLUE,BANDONGO,RIGHT,RED,BAYAKA,BLUE,RIGHT,RIGHT,LEFT,9M -7S,1,0,1,36.09589,27-36,24
MALE,BANDONGO,0,pass,NA,NA,pass,pass,NA,pass,NA,NA,NA,pass,NA,pass,YES,YES,RIGHT,BLUE,BANDONGO,RIGHT,RED,BAYAKA,BLUE,RIGHT,RIGHT,LEFT,9M -7S,2,0,0,36.09589,27-36,24
FEMALE,BANDONGO,1,pass,NA,NA,pass,pass,NA,pass,NA,NA,NA,pass,NA,pass,YES,YES,LEFT,RED,BANDONGO,RIGHT,BLUE,BAYAKA,RED,RIGHT,RIGHT,LEFT,9M 12S,1,1,1,33.59589,27-36,40
FEMALE,BANDONGO,1,pass,NA,NA,pass,pass,NA,pass,NA,NA,NA,pass,NA,pass,YES,YES,LEFT,RED,BANDONGO,RIGHT,BLUE,BAYAKA,RED,RIGHT,RIGHT,LEFT,9M 12S,2,0,0,33.59589,27-36,40
MALE,BANDONGO,0,pass,NA,NA,fail,pass,NA,pass,NA,NA,NA,pass,NA,pass,YES,YES,RIGHT,RED,BAYAKA,LEFT,BLUE,BANDONGO,BLUE,RIGHT,LEFT,LEFT,1H -50M -40S,1,1,0,12.59589,11-12,170
MALE,BANDONGO,0,pass,NA,NA,fail,pass,NA,pass,NA,NA,NA,pass,NA,pass,YES,YES,RIGHT,RED,BAYAKA,LEFT,BLUE,BANDONGO,BLUE,RIGHT,LEFT,LEFT,1H -50M -40S,2,0,1,12.59589,11-12,170
MALE,BANDONGO,0,pass,NA,NA,pass,pass,NA,pass,NA,NA,NA,pass,NA,pass,YES,NO,LEFT,BLUE,BANDONGO,RIGHT,RED,BAYAKA,BLUE,RIGHT,LEFT,LEFT,9M -31S,1,0,1,14.09589,13-14,171
MALE,BANDONGO,0,pass,NA,NA,pass,pass,NA,pass,NA,NA,NA,pass,NA,pass,YES,NO,LEFT,BLUE,BANDONGO,RIGHT,RED,BAYAKA,BLUE,RIGHT,LEFT,LEFT,9M -31S,2,1,0,14.09589,13-14,171
FEMALE,BANDONGO,0,pass,NA,NA,pass,pass,NA,pass,NA,NA,NA,pass,NA,pass,NO,NO,RIGHT,RED,BANDONGO,RIGHT,BLUE,BAYAKA,RED,LEFT,RIGHT,RIGHT,7M 21S,1,0,1,5.09589000000005,5-6,192
FEMALE,BANDONGO,0,pass,NA,NA,pass,pass,NA,pass,NA,NA,NA,pass,NA,pass,NO,NO,RIGHT,RED,BANDONGO,RIGHT,BLUE,BAYAKA,RED,LEFT,RIGHT,RIGHT,7M 21S,2,0,0,5.09589000000005,5-6,192
MALE,BANDONGO,0,pass,NA,NA,pass,pass,NA,pass,NA,NA,NA,pass,NA,pass,NO,NO,RIGHT,BLUE,BANDONGO,LEFT,RED,BAYAKA,BLUE,LEFT,LEFT,LEFT,8M -3S,1,0,1,10.09589,9-10,28
MALE,BANDONGO,0,pass,NA,NA,pass,pass,NA,pass,NA,NA,NA,pass,NA,pass,NO,NO,RIGHT,BLUE,BANDONGO,LEFT,RED,BAYAKA,BLUE,LEFT,LEFT,LEFT,8M -3S,2,0,0,10.09589,9-10,28
MALE,BANDONGO,1,pass,NA,NA,pass,pass,NA,pass,NA,NA,NA,pass,NA,pass,NO,NO,RIGHT,RED,BANDONGO,LEFT,BLUE,BAYAKA,RED,RIGHT,LEFT,RIGHT,1H -1M 9S,1,1,1,9.79999999999995,9-10,1
MALE,BANDONGO,1,pass,NA,NA,pass,pass,NA,pass,NA,NA,NA,pass,NA,pass,NO,NO,RIGHT,RED,BANDONGO,LEFT,BLUE,BAYAKA,RED,RIGHT,LEFT,RIGHT,1H -1M 9S,2,1,0,9.79999999999995,9-10,1
MALE,BANDONGO,0,pass,NA,NA,fail,pass,NA,pass,NA,NA,NA,pass,NA,pass,NO,NO,LEFT,BLUE,BAYAKA,RIGHT,RED,BANDONGO,RED,LEFT,LEFT,LEFT,10M -12S,1,0,0,22.09589,17-26,5
MALE,BANDONGO,0,pass,NA,NA,fail,pass,NA,pass,NA,NA,NA,pass,NA,pass,NO,NO,LEFT,BLUE,BAYAKA,RIGHT,RED,BANDONGO,RED,LEFT,LEFT,LEFT,10M -12S,2,0,1,22.09589,17-26,5
MALE,BANDONGO,1,pass,NA,NA,pass,pass,NA,pass,NA,NA,NA,pass,NA,pass,NO,NO,LEFT,BLUE,BANDONGO,RIGHT,RED,BAYAKA,BLUE,RIGHT,LEFT,LEFT,6M 10S,1,1,1,22.7999999999999,17-26,163
MALE,BANDONGO,1,pass,NA,NA,pass,pass,NA,pass,NA,NA,NA,pass,NA,pass,NO,NO,LEFT,BLUE,BANDONGO,RIGHT,RED,BAYAKA,BLUE,RIGHT,LEFT,LEFT,6M 10S,2,0,0,22.7999999999999,17-26,163
FEMALE,BANDONGO,1,pass,NA,NA,pass,pass,NA,pass,NA,NA,NA,pass,NA,pass,NO,NO,LEFT,RED,BANDONGO,LEFT,BLUE,BAYAKA,RED,LEFT,RIGHT,RIGHT,8M 25S,1,0,1,29.09589,27-36,13
FEMALE,BANDONGO,1,pass,NA,NA,pass,pass,NA,pass,NA,NA,NA,pass,NA,pass,NO,NO,LEFT,RED,BANDONGO,LEFT,BLUE,BAYAKA,RED,LEFT,RIGHT,RIGHT,8M 25S,2,1,0,29.09589,27-36,13
MALE,BANDONGO,1,pass,NA,NA,pass,pass,NA,pass,NA,NA,NA,pass,NA,pass,YES,YES,RIGHT,BLUE,BANDONGO,RIGHT,RED,BAYAKA,BLUE,LEFT,LEFT,LEFT,10M -6S,1,1,1,22.49863,17-26,8
MALE,BANDONGO,1,pass,NA,NA,pass,pass,NA,pass,NA,NA,NA,pass,NA,pass,YES,YES,RIGHT,BLUE,BANDONGO,RIGHT,RED,BAYAKA,BLUE,LEFT,LEFT,LEFT,10M -6S,2,1,0,22.49863,17-26,8
FEMALE,BANDONGO,1,pass,NA,NA,pass,pass,NA,pass,NA,NA,NA,pass,NA,pass,NO,NO,LEFT,RED,BAYAKA,LEFT,BLUE,BANDONGO,BLUE,LEFT,LEFT,LEFT,7M 30S,1,1,0,32.09589,27-36,191
FEMALE,BANDONGO,1,pass,NA,NA,pass,pass,NA,pass,NA,NA,NA,pass,NA,pass,NO,NO,LEFT,RED,BAYAKA,LEFT,BLUE,BANDONGO,BLUE,LEFT,LEFT,LEFT,7M 30S,2,1,1,32.09589,27-36,191
MALE,BAYAKA,1,pass,NA,NA,pass,pass,NA,pass,NA,NA,NA,pass,NA,pass,YES,YES,RIGHT,RED,BILO,LEFT,BLUE,BAYAKA,BLUE,RIGHT,RIGHT,RIGHT,16M -9S,1,1,0,8,7-8,100
MALE,BAYAKA,1,pass,NA,NA,pass,pass,NA,pass,NA,NA,NA,pass,NA,pass,YES,YES,RIGHT,RED,BILO,LEFT,BLUE,BAYAKA,BLUE,RIGHT,RIGHT,RIGHT,16M -9S,2,1,1,8,7-8,100
MALE,BAYAKA,0,pass,NA,NA,pass,pass,NA,pass,NA,NA,NA,pass,NA,pass,YES,YES,LEFT,BLUE,BAYAKA,LEFT,RED,BILO,BLUE,RIGHT,RIGHT,RIGHT,1H -47M 4S,1,1,1,10,9-10,103
MALE,BAYAKA,0,pass,NA,NA,pass,pass,NA,pass,NA,NA,NA,pass,NA,pass,YES,YES,LEFT,BLUE,BAYAKA,LEFT,RED,BILO,BLUE,RIGHT,RIGHT,RIGHT,1H -47M 4S,2,1,0,10,9-10,103
MALE,BAYAKA,0,pass,NA,NA,pass,pass,NA,pass,NA,NA,NA,pass,NA,pass,YES,YES,RIGHT,BLUE,BAYAKA,LEFT,RED,BILO,BLUE,LEFT,LEFT,RIGHT,12M 18S,1,0,1,6,5-6,101
MALE,BAYAKA,0,pass,NA,NA,pass,pass,NA,pass,NA,NA,NA,pass,NA,pass,YES,YES,RIGHT,BLUE,BAYAKA,LEFT,RED,BILO,BLUE,LEFT,LEFT,RIGHT,12M 18S,2,0,0,6,5-6,101
MALE,BAYAKA,1,pass,NA,NA,pass,pass,NA,pass,NA,NA,NA,pass,NA,pass,YES,YES,LEFT,RED,BAYAKA,RIGHT,BLUE,BILO,RED,RIGHT,LEFT,LEFT,14M 24S,1,1,1,10,9-10,114
MALE,BAYAKA,1,pass,NA,NA,pass,pass,NA,pass,NA,NA,NA,pass,NA,pass,YES,YES,LEFT,RED,BAYAKA,RIGHT,BLUE,BILO,RED,RIGHT,LEFT,LEFT,14M 24S,2,0,0,10,9-10,114
MALE,BAYAKA,1,pass,NA,NA,pass,pass,NA,pass,NA,NA,NA,pass,NA,pass,YES,YES,LEFT,BLUE,BILO,RIGHT,RED,BAYAKA,RED,LEFT,LEFT,LEFT,13M 43S,1,0,0,42,37-46,102
MALE,BAYAKA,1,pass,NA,NA,pass,pass,NA,pass,NA,NA,NA,pass,NA,pass,YES,YES,LEFT,BLUE,BILO,RIGHT,RED,BAYAKA,RED,LEFT,LEFT,LEFT,13M 43S,2,0,1,42,37-46,102
FEMALE,BAYAKA,1,pass,NA,NA,pass,pass,NA,pass,NA,NA,NA,pass,NA,pass,YES,YES,RIGHT,BLUE,BILO,LEFT,RED,BAYAKA,RED,RIGHT,RIGHT,RIGHT,1H -44M 11S,1,0,0,7,7-8,104
FEMALE,BAYAKA,1,pass,NA,NA,pass,pass,NA,pass,NA,NA,NA,pass,NA,pass,YES,YES,RIGHT,BLUE,BILO,LEFT,RED,BAYAKA,RED,RIGHT,RIGHT,RIGHT,1H -44M 11S,2,0,1,7,7-8,104
MALE,BAYAKA,1,pass,NA,NA,pass,pass,NA,pass,NA,NA,NA,pass,NA,pass,YES,YES,LEFT,RED,BAYAKA,RIGHT,BLUE,BILO,RED,RIGHT,LEFT,LEFT,13M -2S,1,0,1,20,17-26,116
MALE,BAYAKA,1,pass,NA,NA,pass,pass,NA,pass,NA,NA,NA,pass,NA,pass,YES,YES,LEFT,RED,BAYAKA,RIGHT,BLUE,BILO,RED,RIGHT,LEFT,LEFT,13M -2S,2,1,0,20,17-26,116
MALE,BAYAKA,1,pass,NA,NA,pass,pass,NA,pass,NA,NA,NA,pass,NA,pass,YES,YES,RIGHT,RED,BILO,RIGHT,BLUE,BAYAKA,BLUE,RIGHT,LEFT,RIGHT,12M 0S,1,1,0,18,17-26,115
MALE,BAYAKA,1,pass,NA,NA,pass,pass,NA,pass,NA,NA,NA,pass,NA,pass,YES,YES,RIGHT,RED,BILO,RIGHT,BLUE,BAYAKA,BLUE,RIGHT,LEFT,RIGHT,12M 0S,2,1,1,18,17-26,115
MALE,BAYAKA,1,pass,NA,NA,pass,pass,NA,pass,NA,NA,NA,pass,NA,pass,YES,YES,RIGHT,RED,BAYAKA,LEFT,BLUE,BILO,RED,RIGHT,LEFT,RIGHT,12M -53S,1,0,1,14,13-14,118
MALE,BAYAKA,1,pass,NA,NA,pass,pass,NA,pass,NA,NA,NA,pass,NA,pass,YES,YES,RIGHT,RED,BAYAKA,LEFT,BLUE,BILO,RED,RIGHT,LEFT,RIGHT,12M -53S,2,0,0,14,13-14,118
MALE,BANDONGO,0,pass,NA,NA,pass,pass,NA,pass,NA,NA,NA,pass,NA,pass,YES,NO,LEFT,RED,BANDONGO,RIGHT,BLUE,BAYAKA,RED,LEFT,RIGHT,LEFT,11M 25S,1,0,1,14,13-14,65
MALE,BANDONGO,0,pass,NA,NA,pass,pass,NA,pass,NA,NA,NA,pass,NA,pass,YES,NO,LEFT,RED,BANDONGO,RIGHT,BLUE,BAYAKA,RED,LEFT,RIGHT,LEFT,11M 25S,2,0,0,14,13-14,65
FEMALE,BANDONGO,0,pass,NA,NA,pass,pass,NA,pass,NA,NA,NA,pass,NA,pass,YES,YES,RIGHT,BLUE,BANDONGO,LEFT,RED,BAYAKA,BLUE,RIGHT,LEFT,LEFT,13M -19S,1,1,1,5,5-6,77
FEMALE,BANDONGO,0,pass,NA,NA,pass,pass,NA,pass,NA,NA,NA,pass,NA,pass,YES,YES,RIGHT,BLUE,BANDONGO,LEFT,RED,BAYAKA,BLUE,RIGHT,LEFT,LEFT,13M -19S,2,1,0,5,5-6,77
FEMALE,BAYAKA,1,pass,NA,NA,pass,pass,NA,pass,NA,NA,NA,pass,NA,pass,YES,YES,LEFT,BLUE,BAYAKA,RIGHT,RED,BILO,BLUE,RIGHT,LEFT,RIGHT,15M 9S,1,1,1,9,9-10,124
FEMALE,BAYAKA,1,pass,NA,NA,pass,pass,NA,pass,NA,NA,NA,pass,NA,pass,YES,YES,LEFT,BLUE,BAYAKA,RIGHT,RED,BILO,BLUE,RIGHT,LEFT,RIGHT,15M 9S,2,1,0,9,9-10,124
MALE,BANDONGO,0,pass,NA,NA,pass,pass,NA,pass,NA,NA,NA,pass,NA,pass,YES,YES,RIGHT,RED,BANDONGO,LEFT,BLUE,BAYAKA,RED,LEFT,RIGHT,LEFT,9M -3S,1,1,1,9,9-10,76
MALE,BANDONGO,0,pass,NA,NA,pass,pass,NA,pass,NA,NA,NA,pass,NA,pass,YES,YES,RIGHT,RED,BANDONGO,LEFT,BLUE,BAYAKA,RED,LEFT,RIGHT,LEFT,9M -3S,2,0,0,9,9-10,76
MALE,BANDONGO,0,pass,NA,NA,pass,pass,NA,pass,NA,NA,NA,pass,NA,pass,NO,NO,LEFT,BLUE,BAYAKA,LEFT,RED,BANDONGO,RED,LEFT,RIGHT,LEFT,1H -50M 13S,1,0,0,5,5-6,88
MALE,BANDONGO,0,pass,NA,NA,pass,pass,NA,pass,NA,NA,NA,pass,NA,pass,NO,NO,LEFT,BLUE,BAYAKA,LEFT,RED,BANDONGO,RED,LEFT,RIGHT,LEFT,1H -50M 13S,2,0,1,5,5-6,88
FEMALE,BAYAKA,1,pass,NA,NA,pass,pass,NA,pass,NA,NA,NA,pass,NA,pass,YES,YES,LEFT,BLUE,BILO,LEFT,RED,BAYAKA,RED,LEFT,RIGHT,RIGHT,1H -34M 10S,1,0,0,7,7-8,121
FEMALE,BAYAKA,1,pass,NA,NA,pass,pass,NA,pass,NA,NA,NA,pass,NA,pass,YES,YES,LEFT,BLUE,BILO,LEFT,RED,BAYAKA,RED,LEFT,RIGHT,RIGHT,1H -34M 10S,2,0,1,7,7-8,121
MALE,BANDONGO,0,pass,NA,NA,pass,pass,NA,pass,NA,NA,NA,pass,NA,pass,YES,YES,LEFT,RED,BANDONGO,LEFT,BLUE,BAYAKA,RED,LEFT,RIGHT,LEFT,10M -48S,1,0,1,5,5-6,67
MALE,BANDONGO,0,pass,NA,NA,pass,pass,NA,pass,NA,NA,NA,pass,NA,pass,YES,YES,LEFT,RED,BANDONGO,LEFT,BLUE,BAYAKA,RED,LEFT,RIGHT,LEFT,10M -48S,2,0,0,5,5-6,67
MALE,BANDONGO,0,pass,NA,NA,pass,pass,NA,pass,NA,NA,NA,pass,NA,pass,NO,NO,LEFT,BLUE,BAYAKA,LEFT,RED,BANDONGO,RED,LEFT,RIGHT,RIGHT,6M 45S,1,0,0,10,9-10,82
MALE,BANDONGO,0,pass,NA,NA,pass,pass,NA,pass,NA,NA,NA,pass,NA,pass,NO,NO,LEFT,BLUE,BAYAKA,LEFT,RED,BANDONGO,RED,LEFT,RIGHT,RIGHT,6M 45S,2,0,1,10,9-10,82
MALE,BANDONGO,1,pass,NA,NA,fail,pass,NA,pass,NA,NA,NA,pass,NA,pass,YES,YES,LEFT,BLUE,BAYAKA,LEFT,RED,BANDONGO,RED,LEFT,LEFT,LEFT,8M 40S,1,1,0,12,11-12,84
MALE,BANDONGO,1,pass,NA,NA,fail,pass,NA,pass,NA,NA,NA,pass,NA,pass,YES,YES,LEFT,BLUE,BAYAKA,LEFT,RED,BANDONGO,RED,LEFT,LEFT,LEFT,8M 40S,2,1,1,12,11-12,84
MALE,BAYAKA,0,pass,NA,NA,pass,pass,NA,pass,NA,NA,NA,pass,NA,pass,YES,YES,RIGHT,RED,BILO,RIGHT,BLUE,BAYAKA,BLUE,RIGHT,RIGHT,LEFT,17M -45S,1,1,0,13,13-14,117
MALE,BAYAKA,0,pass,NA,NA,pass,pass,NA,pass,NA,NA,NA,pass,NA,pass,YES,YES,RIGHT,RED,BILO,RIGHT,BLUE,BAYAKA,BLUE,RIGHT,RIGHT,LEFT,17M -45S,2,1,1,13,13-14,117
FEMALE,BANDONGO,0,pass,NA,NA,pass,pass,NA,pass,NA,NA,NA,pass,NA,pass,NO_RESPONSE,NO_RESPONSE,RIGHT,RED,BAYAKA,LEFT,BLUE,BANDONGO,BLUE,LEFT,RIGHT,RIGHT,13M -18S,1,1,0,5,5-6,132
FEMALE,BANDONGO,0,pass,NA,NA,pass,pass,NA,pass,NA,NA,NA,pass,NA,pass,NO_RESPONSE,NO_RESPONSE,RIGHT,RED,BAYAKA,LEFT,BLUE,BANDONGO,BLUE,LEFT,RIGHT,RIGHT,13M -18S,2,0,1,5,5-6,132
MALE,BAYAKA,0,pass,NA,NA,pass,pass,NA,pass,NA,NA,NA,pass,NA,pass,YES,YES,LEFT,BLUE,BAYAKA,LEFT,RED,BILO,BLUE,RIGHT,LEFT,LEFT,16M 23S,1,0,1,13,13-14,119
MALE,BAYAKA,0,pass,NA,NA,pass,pass,NA,pass,NA,NA,NA,pass,NA,pass,YES,YES,LEFT,BLUE,BAYAKA,LEFT,RED,BILO,BLUE,RIGHT,LEFT,LEFT,16M 23S,2,0,0,13,13-14,119
FEMALE,BANDONGO,0,pass,NA,NA,pass,pass,NA,pass,NA,NA,NA,pass,NA,pass,YES,YES,LEFT,RED,BAYAKA,RIGHT,BLUE,BANDONGO,BLUE,LEFT,LEFT,LEFT,8M -27S,1,0,0,15,15-16,86
FEMALE,BANDONGO,0,pass,NA,NA,pass,pass,NA,pass,NA,NA,NA,pass,NA,pass,YES,YES,LEFT,RED,BAYAKA,RIGHT,BLUE,BANDONGO,BLUE,LEFT,LEFT,LEFT,8M -27S,2,1,1,15,15-16,86
FEMALE,BANDONGO,0,pass,NA,NA,pass,pass,NA,pass,NA,NA,NA,pass,NA,pass,NO,NO,RIGHT,BLUE,BAYAKA,LEFT,RED,BANDONGO,RED,LEFT,LEFT,RIGHT,1H -52M 10S,1,0,0,8,7-8,85
FEMALE,BANDONGO,0,pass,NA,NA,pass,pass,NA,pass,NA,NA,NA,pass,NA,pass,NO,NO,RIGHT,BLUE,BAYAKA,LEFT,RED,BANDONGO,RED,LEFT,LEFT,RIGHT,1H -52M 10S,2,0,1,8,7-8,85
FEMALE,BAYAKA,0,pass,NA,NA,pass,pass,NA,pass,NA,NA,NA,pass,NA,pass,YES,YES,RIGHT,RED,BAYAKA,RIGHT,BLUE,BILO,RED,LEFT,LEFT,LEFT,1H -41M 24S,1,0,1,7,7-8,136
FEMALE,BAYAKA,0,pass,NA,NA,pass,pass,NA,pass,NA,NA,NA,pass,NA,pass,YES,YES,RIGHT,RED,BAYAKA,RIGHT,BLUE,BILO,RED,LEFT,LEFT,LEFT,1H -41M 24S,2,1,0,7,7-8,136
MALE,BANDONGO,0,pass,NA,NA,pass,pass,NA,pass,NA,NA,NA,pass,NA,pass,YES,NO,RIGHT,BLUE,BANDONGO,RIGHT,RED,BAYAKA,BLUE,LEFT,LEFT,LEFT,10M -23S,1,0,1,7,7-8,98
MALE,BANDONGO,0,pass,NA,NA,pass,pass,NA,pass,NA,NA,NA,pass,NA,pass,YES,NO,RIGHT,BLUE,BANDONGO,RIGHT,RED,BAYAKA,BLUE,LEFT,LEFT,LEFT,10M -23S,2,0,0,7,7-8,98
MALE,BANDONGO,1,pass,NA,NA,pass,pass,NA,pass,NA,NA,NA,pass,NA,pass,NO,NO,RIGHT,BLUE,BANDONGO,LEFT,RED,BAYAKA,BLUE,RIGHT,LEFT,LEFT,8M 33S,1,1,1,8,7-8,97
MALE,BANDONGO,1,pass,NA,NA,pass,pass,NA,pass,NA,NA,NA,pass,NA,pass,NO,NO,RIGHT,BLUE,BANDONGO,LEFT,RED,BAYAKA,BLUE,RIGHT,LEFT,LEFT,8M 33S,2,1,0,8,7-8,97
MALE,BAYAKA,1,pass,NA,NA,pass,pass,NA,pass,NA,NA,NA,pass,NA,pass,YES,YES,RIGHT,RED,BILO,LEFT,BLUE,BAYAKA,BLUE,LEFT,RIGHT,LEFT,18M -3S,1,1,0,12,11-12,120
MALE,BAYAKA,1,pass,NA,NA,pass,pass,NA,pass,NA,NA,NA,pass,NA,pass,YES,YES,RIGHT,RED,BILO,LEFT,BLUE,BAYAKA,BLUE,LEFT,RIGHT,LEFT,18M -3S,2,1,1,12,11-12,120
FEMALE,BANDONGO,1,pass,NA,NA,pass,pass,NA,pass,NA,NA,NA,pass,NA,pass,YES,YES,RIGHT,RED,BANDONGO,LEFT,BLUE,BAYAKA,RED,RIGHT,RIGHT,RIGHT,11M -15S,1,0,1,10,9-10,93
FEMALE,BANDONGO,1,pass,NA,NA,pass,pass,NA,pass,NA,NA,NA,pass,NA,pass,YES,YES,RIGHT,RED,BANDONGO,LEFT,BLUE,BAYAKA,RED,RIGHT,RIGHT,RIGHT,11M -15S,2,0,0,10,9-10,93
FEMALE,BANDONGO,1,pass,NA,NA,pass,pass,NA,pass,NA,NA,NA,pass,NA,pass,YES,YES,LEFT,BLUE,BANDONGO,LEFT,RED,BAYAKA,BLUE,LEFT,LEFT,RIGHT,8M 7S,1,0,1,11,11-12,137
FEMALE,BANDONGO,1,pass,NA,NA,pass,pass,NA,pass,NA,NA,NA,pass,NA,pass,YES,YES,LEFT,BLUE,BANDONGO,LEFT,RED,BAYAKA,BLUE,LEFT,LEFT,RIGHT,8M 7S,2,0,0,11,11-12,137
FEMALE,BAYAKA,0,pass,NA,NA,pass,pass,NA,pass,NA,NA,NA,pass,NA,pass,YES,YES,LEFT,RED,BILO,LEFT,BLUE,BAYAKA,BLUE,RIGHT,LEFT,LEFT,14M -19S,1,1,0,9,9-10,122
FEMALE,BAYAKA,0,pass,NA,NA,pass,pass,NA,pass,NA,NA,NA,pass,NA,pass,YES,YES,LEFT,RED,BILO,LEFT,BLUE,BAYAKA,BLUE,RIGHT,LEFT,LEFT,14M -19S,2,0,1,9,9-10,122
FEMALE,BANDONGO,0,pass,NA,NA,fail,pass,NA,pass,NA,NA,NA,pass,NA,pass,YES,YES,LEFT,BLUE,BAYAKA,LEFT,RED,BANDONGO,RED,LEFT,LEFT,RIGHT,10M 19S,1,0,0,17,17-26,66
FEMALE,BANDONGO,0,pass,NA,NA,fail,pass,NA,pass,NA,NA,NA,pass,NA,pass,YES,YES,LEFT,BLUE,BAYAKA,LEFT,RED,BANDONGO,RED,LEFT,LEFT,RIGHT,10M 19S,2,0,1,17,17-26,66
MALE,BAYAKA,0,pass,NA,NA,pass,pass,NA,pass,NA,NA,NA,pass,NA,pass,YES,YES,RIGHT,RED,BILO,LEFT,BLUE,BAYAKA,BLUE,LEFT,LEFT,LEFT,1H -45M 14S,1,0,0,14,13-14,135
MALE,BAYAKA,0,pass,NA,NA,pass,pass,NA,pass,NA,NA,NA,pass,NA,pass,YES,YES,RIGHT,RED,BILO,LEFT,BLUE,BAYAKA,BLUE,LEFT,LEFT,LEFT,1H -45M 14S,2,0,1,14,13-14,135
MALE,BANDONGO,1,pass,NA,NA,fail,pass,NA,pass,NA,NA,NA,pass,NA,pass,YES,YES,LEFT,BLUE,BAYAKA,RIGHT,RED,BANDONGO,RED,RIGHT,RIGHT,RIGHT,1H -49M -29S,1,0,0,20,17-26,71
MALE,BANDONGO,1,pass,NA,NA,fail,pass,NA,pass,NA,NA,NA,pass,NA,pass,YES,YES,LEFT,BLUE,BAYAKA,RIGHT,RED,BANDONGO,RED,RIGHT,RIGHT,RIGHT,1H -49M -29S,2,1,1,20,17-26,71
FEMALE,BANDONGO,0,pass,NA,NA,pass,pass,NA,pass,NA,NA,NA,pass,NA,pass,NO,NO,RIGHT,BLUE,BAYAKA,RIGHT,RED,BANDONGO,RED,RIGHT,RIGHT,LEFT,11M 17S,1,1,0,9,9-10,89
FEMALE,BANDONGO,0,pass,NA,NA,pass,pass,NA,pass,NA,NA,NA,pass,NA,pass,NO,NO,RIGHT,BLUE,BAYAKA,RIGHT,RED,BANDONGO,RED,RIGHT,RIGHT,LEFT,11M 17S,2,1,1,9,9-10,89
MALE,BAYAKA,1,pass,NA,NA,pass,pass,NA,pass,NA,NA,NA,pass,NA,pass,YES,YES,RIGHT,RED,BILO,LEFT,BLUE,BAYAKA,BLUE,RIGHT,RIGHT,RIGHT,14M -6S,1,1,0,11,11-12,138
MALE,BAYAKA,1,pass,NA,NA,pass,pass,NA,pass,NA,NA,NA,pass,NA,pass,YES,YES,RIGHT,RED,BILO,LEFT,BLUE,BAYAKA,BLUE,RIGHT,RIGHT,RIGHT,14M -6S,2,1,1,11,11-12,138
FEMALE,BANDONGO,0,pass,NA,NA,pass,pass,NA,pass,NA,NA,NA,pass,NA,pass,NO,NO,LEFT,RED,BAYAKA,LEFT,BLUE,BANDONGO,BLUE,LEFT,RIGHT,RIGHT,7M 0S,1,0,0,7,7-8,70
FEMALE,BANDONGO,0,pass,NA,NA,pass,pass,NA,pass,NA,NA,NA,pass,NA,pass,NO,NO,LEFT,RED,BAYAKA,LEFT,BLUE,BANDONGO,BLUE,LEFT,RIGHT,RIGHT,7M 0S,2,1,1,7,7-8,70
MALE,BAYAKA,1,pass,NA,NA,pass,pass,NA,pass,NA,NA,NA,pass,NA,pass,NO,NO,RIGHT,BLUE,BAYAKA,LEFT,RED,BILO,BLUE,LEFT,LEFT,RIGHT,14M 41S,1,1,1,12,11-12,129
MALE,BAYAKA,1,pass,NA,NA,pass,pass,NA,pass,NA,NA,NA,pass,NA,pass,NO,NO,RIGHT,BLUE,BAYAKA,LEFT,RED,BILO,BLUE,LEFT,LEFT,RIGHT,14M 41S,2,1,0,12,11-12,129
FEMALE,BANDONGO,0,pass,NA,NA,pass,pass,NA,pass,NA,NA,NA,pass,NA,pass,NOT_SURE,YES,LEFT,BLUE,BAYAKA,LEFT,RED,BANDONGO,RED,LEFT,RIGHT,RIGHT,9M -30S,1,1,0,12,11-12,139
FEMALE,BANDONGO,0,pass,NA,NA,pass,pass,NA,pass,NA,NA,NA,pass,NA,pass,NOT_SURE,YES,LEFT,BLUE,BAYAKA,LEFT,RED,BANDONGO,RED,LEFT,RIGHT,RIGHT,9M -30S,2,0,1,12,11-12,139
FEMALE,BANDONGO,0,pass,NA,NA,pass,pass,NA,pass,NA,NA,NA,pass,NA,pass,YES,YES,LEFT,RED,BANDONGO,RIGHT,BLUE,BAYAKA,RED,LEFT,RIGHT,RIGHT,7M 11S,1,0,1,11,11-12,143
FEMALE,BANDONGO,0,pass,NA,NA,pass,pass,NA,pass,NA,NA,NA,pass,NA,pass,YES,YES,LEFT,RED,BANDONGO,RIGHT,BLUE,BAYAKA,RED,LEFT,RIGHT,RIGHT,7M 11S,2,0,0,11,11-12,143
MALE,BAYAKA,1,pass,NA,NA,pass,pass,NA,pass,NA,NA,NA,pass,NA,pass,YES,NO,RIGHT,BLUE,BILO,LEFT,RED,BAYAKA,RED,RIGHT,LEFT,RIGHT,14M -11S,1,0,0,13,13-14,130
MALE,BAYAKA,1,pass,NA,NA,pass,pass,NA,pass,NA,NA,NA,pass,NA,pass,YES,NO,RIGHT,BLUE,BILO,LEFT,RED,BAYAKA,RED,RIGHT,LEFT,RIGHT,14M -11S,2,0,1,13,13-14,130
FEMALE,BANDONGO,0,pass,NA,NA,pass,pass,NA,pass,NA,NA,NA,pass,NA,pass,YES,NO,LEFT,BLUE,BAYAKA,LEFT,RED,BANDONGO,RED,RIGHT,LEFT,LEFT,7M -30S,1,0,0,11,11-12,142
FEMALE,BANDONGO,0,pass,NA,NA,pass,pass,NA,pass,NA,NA,NA,pass,NA,pass,YES,NO,LEFT,BLUE,BAYAKA,LEFT,RED,BANDONGO,RED,RIGHT,LEFT,LEFT,7M -30S,2,0,1,11,11-12,142
MALE,BANDONGO,1,pass,NA,NA,pass,pass,NA,pass,NA,NA,NA,pass,NA,pass,NO,NO,RIGHT,BLUE,BANDONGO,LEFT,RED,BAYAKA,BLUE,RIGHT,RIGHT,RIGHT,6M -9S,1,0,1,12,11-12,141
MALE,BANDONGO,1,pass,NA,NA,pass,pass,NA,pass,NA,NA,NA,pass,NA,pass,NO,NO,RIGHT,BLUE,BANDONGO,LEFT,RED,BAYAKA,BLUE,RIGHT,RIGHT,RIGHT,6M -9S,2,0,0,12,11-12,141
FEMALE,BAYAKA,0,pass,NA,NA,pass,pass,NA,pass,NA,NA,NA,pass,NA,pass,YES,YES,RIGHT,RED,BAYAKA,RIGHT,BLUE,BILO,RED,LEFT,LEFT,RIGHT,12M -20S,1,1,1,12,11-12,123
FEMALE,BAYAKA,0,pass,NA,NA,pass,pass,NA,pass,NA,NA,NA,pass,NA,pass,YES,YES,RIGHT,RED,BAYAKA,RIGHT,BLUE,BILO,RED,LEFT,LEFT,RIGHT,12M -20S,2,0,0,12,11-12,123
MALE,BANDONGO,0,pass,NA,NA,pass,pass,NA,pass,NA,NA,NA,pass,NA,pass,YES,YES,RIGHT,RED,BAYAKA,RIGHT,BLUE,BANDONGO,BLUE,LEFT,LEFT,RIGHT,7M 31S,1,1,0,6,5-6,140
MALE,BANDONGO,0,pass,NA,NA,pass,pass,NA,pass,NA,NA,NA,pass,NA,pass,YES,YES,RIGHT,RED,BAYAKA,RIGHT,BLUE,BANDONGO,BLUE,LEFT,LEFT,RIGHT,7M 31S,2,0,1,6,5-6,140
FEMALE,BANDONGO,0,pass,NA,NA,pass,pass,NA,pass,NA,NA,NA,pass,NA,pass,YES,YES,RIGHT,BLUE,BAYAKA,LEFT,RED,BANDONGO,RED,RIGHT,RIGHT,LEFT,1H -47M -23S,1,1,0,12,11-12,79
FEMALE,BANDONGO,0,pass,NA,NA,pass,pass,NA,pass,NA,NA,NA,pass,NA,pass,YES,YES,RIGHT,BLUE,BAYAKA,LEFT,RED,BANDONGO,RED,RIGHT,RIGHT,LEFT,1H -47M -23S,2,0,1,12,11-12,79
MALE,BAYAKA,1,pass,NA,NA,pass,pass,NA,pass,NA,NA,NA,pass,NA,pass,YES,NO,LEFT,BLUE,BAYAKA,RIGHT,RED,BILO,BLUE,LEFT,RIGHT,RIGHT,14M 3S,1,1,1,9,9-10,144
MALE,BAYAKA,1,pass,NA,NA,pass,pass,NA,pass,NA,NA,NA,pass,NA,pass,YES,NO,LEFT,BLUE,BAYAKA,RIGHT,RED,BILO,BLUE,LEFT,RIGHT,RIGHT,14M 3S,2,1,0,9,9-10,144
FEMALE,BANDONGO,0,pass,NA,NA,pass,pass,NA,pass,NA,NA,NA,pass,NA,pass,NO,NO,LEFT,RED,BAYAKA,RIGHT,BLUE,BANDONGO,BLUE,RIGHT,RIGHT,RIGHT,7M -9S,1,0,0,9,9-10,145
FEMALE,BANDONGO,0,pass,NA,NA,pass,pass,NA,pass,NA,NA,NA,pass,NA,pass,NO,NO,LEFT,RED,BAYAKA,RIGHT,BLUE,BANDONGO,BLUE,RIGHT,RIGHT,RIGHT,7M -9S,2,0,1,9,9-10,145
MALE,BANDONGO,1,pass,NA,NA,pass,pass,NA,pass,NA,NA,NA,pass,NA,pass,NO,NO,RIGHT,RED,BANDONGO,LEFT,BLUE,BAYAKA,RED,LEFT,LEFT,LEFT,8M -24S,1,1,1,9,9-10,91
MALE,BANDONGO,1,pass,NA,NA,pass,pass,NA,pass,NA,NA,NA,pass,NA,pass,NO,NO,RIGHT,RED,BANDONGO,LEFT,BLUE,BAYAKA,RED,LEFT,LEFT,LEFT,8M -24S,2,1,0,9,9-10,91
FEMALE,BAYAKA,1,pass,NA,NA,pass,pass,NA,pass,NA,NA,NA,pass,NA,pass,YES,YES,LEFT,BLUE,BILO,LEFT,RED,BAYAKA,RED,RIGHT,LEFT,RIGHT,15M 47S,1,1,0,9,9-10,126
FEMALE,BAYAKA,1,pass,NA,NA,pass,pass,NA,pass,NA,NA,NA,pass,NA,pass,YES,YES,LEFT,BLUE,BILO,LEFT,RED,BAYAKA,RED,RIGHT,LEFT,RIGHT,15M 47S,2,0,1,9,9-10,126
MALE,BANDONGO,0,pass,NA,NA,fail,pass,NA,pass,NA,NA,NA,pass,NA,pass,NO,NO,LEFT,RED,BAYAKA,RIGHT,BLUE,BANDONGO,BLUE,RIGHT,RIGHT,LEFT,8M 48S,1,0,0,7,7-8,146
MALE,BANDONGO,0,pass,NA,NA,fail,pass,NA,pass,NA,NA,NA,pass,NA,pass,NO,NO,LEFT,RED,BAYAKA,RIGHT,BLUE,BANDONGO,BLUE,RIGHT,RIGHT,LEFT,8M 48S,2,1,1,7,7-8,146
FEMALE,BANDONGO,0,pass,NA,NA,pass,pass,NA,pass,NA,NA,NA,pass,NA,pass,NO,NO,LEFT,RED,BANDONGO,LEFT,BLUE,BAYAKA,RED,LEFT,LEFT,LEFT,8M -22S,1,0,1,8,7-8,80
FEMALE,BANDONGO,0,pass,NA,NA,pass,pass,NA,pass,NA,NA,NA,pass,NA,pass,NO,NO,LEFT,RED,BANDONGO,LEFT,BLUE,BAYAKA,RED,LEFT,LEFT,LEFT,8M -22S,2,0,0,8,7-8,80
MALE,BAYAKA,1,pass,NA,NA,pass,pass,NA,pass,NA,NA,NA,pass,NA,pass,YES,NO,LEFT,BLUE,BAYAKA,RIGHT,RED,BILO,BLUE,RIGHT,RIGHT,RIGHT,15M -5S,1,1,1,10,9-10,131
MALE,BAYAKA,1,pass,NA,NA,pass,pass,NA,pass,NA,NA,NA,pass,NA,pass,YES,NO,LEFT,BLUE,BAYAKA,RIGHT,RED,BILO,BLUE,RIGHT,RIGHT,RIGHT,15M -5S,2,0,0,10,9-10,131
FEMALE,BANDONGO,0,pass,NA,NA,pass,pass,NA,pass,NA,NA,NA,pass,NA,pass,NOT_SURE,NOT_SURE,LEFT,RED,BANDONGO,RIGHT,BLUE,BAYAKA,RED,LEFT,RIGHT,LEFT,8M -21S,1,0,1,5,5-6,69
FEMALE,BANDONGO,0,pass,NA,NA,pass,pass,NA,pass,NA,NA,NA,pass,NA,pass,NOT_SURE,NOT_SURE,LEFT,RED,BANDONGO,RIGHT,BLUE,BAYAKA,RED,LEFT,RIGHT,LEFT,8M -21S,2,1,0,5,5-6,69
MALE,BANDONGO,0,pass,NA,NA,fail,pass,NA,pass,NA,NA,NA,pass,NA,pass,NO,NO,LEFT,BLUE,BANDONGO,RIGHT,RED,BAYAKA,BLUE,RIGHT,LEFT,LEFT,1H -50M -8S,1,0,1,7,7-8,94
MALE,BANDONGO,0,pass,NA,NA,fail,pass,NA,pass,NA,NA,NA,pass,NA,pass,NO,NO,LEFT,BLUE,BANDONGO,RIGHT,RED,BAYAKA,BLUE,RIGHT,LEFT,LEFT,1H -50M -8S,2,1,0,7,7-8,94
FEMALE,BAYAKA,1,pass,NA,NA,pass,pass,NA,pass,NA,NA,NA,pass,NA,pass,YES,NO,RIGHT,BLUE,BILO,LEFT,RED,BAYAKA,RED,RIGHT,LEFT,RIGHT,1H -38M -47S,1,1,0,8,7-8,125
FEMALE,BAYAKA,1,pass,NA,NA,pass,pass,NA,pass,NA,NA,NA,pass,NA,pass,YES,NO,RIGHT,BLUE,BILO,LEFT,RED,BAYAKA,RED,RIGHT,LEFT,RIGHT,1H -38M -47S,2,0,1,8,7-8,125
MALE,BANDONGO,1,pass,NA,NA,pass,pass,NA,pass,NA,NA,NA,pass,NA,pass,NOT_SURE,YES,LEFT,RED,BAYAKA,LEFT,BLUE,BANDONGO,BLUE,LEFT,RIGHT,RIGHT,6M -4S,1,0,0,17,17-26,113
MALE,BANDONGO,1,pass,NA,NA,pass,pass,NA,pass,NA,NA,NA,pass,NA,pass,NOT_SURE,YES,LEFT,RED,BAYAKA,LEFT,BLUE,BANDONGO,BLUE,LEFT,RIGHT,RIGHT,6M -4S,2,0,1,17,17-26,113
MALE,BANDONGO,0,pass,NA,NA,pass,pass,NA,pass,NA,NA,NA,pass,NA,pass,YES,YES,LEFT,BLUE,BAYAKA,RIGHT,RED,BANDONGO,RED,LEFT,RIGHT,RIGHT,6M 6S,1,1,0,33,27-36,68
MALE,BANDONGO,0,pass,NA,NA,pass,pass,NA,pass,NA,NA,NA,pass,NA,pass,YES,YES,LEFT,BLUE,BAYAKA,RIGHT,RED,BANDONGO,RED,LEFT,RIGHT,RIGHT,6M 6S,2,0,1,33,27-36,68
MALE,BAYAKA,1,pass,NA,NA,pass,pass,NA,pass,NA,NA,NA,pass,NA,pass,YES,YES,RIGHT,BLUE,BILO,LEFT,RED,BAYAKA,RED,LEFT,RIGHT,RIGHT,17M 3S,1,1,0,6,5-6,127
MALE,BAYAKA,1,pass,NA,NA,pass,pass,NA,pass,NA,NA,NA,pass,NA,pass,YES,YES,RIGHT,BLUE,BILO,LEFT,RED,BAYAKA,RED,LEFT,RIGHT,RIGHT,17M 3S,2,0,1,6,5-6,127
MALE,BANDONGO,1,pass,NA,NA,pass,pass,NA,pass,NA,NA,NA,pass,NA,pass,NO,YES,RIGHT,BLUE,BANDONGO,RIGHT,RED,BAYAKA,BLUE,RIGHT,RIGHT,LEFT,5M 22S,1,0,1,33,27-36,92
MALE,BANDONGO,1,pass,NA,NA,pass,pass,NA,pass,NA,NA,NA,pass,NA,pass,NO,YES,RIGHT,BLUE,BANDONGO,RIGHT,RED,BAYAKA,BLUE,RIGHT,RIGHT,LEFT,5M 22S,2,0,0,33,27-36,92
MALE,BANDONGO,1,pass,NA,NA,pass,pass,NA,pass,NA,NA,NA,pass,NA,pass,YES,YES,RIGHT,RED,BANDONGO,RIGHT,BLUE,BAYAKA,RED,LEFT,RIGHT,RIGHT,7M -42S,1,1,1,17,17-26,75
MALE,BANDONGO,1,pass,NA,NA,pass,pass,NA,pass,NA,NA,NA,pass,NA,pass,YES,YES,RIGHT,RED,BANDONGO,RIGHT,BLUE,BAYAKA,RED,LEFT,RIGHT,RIGHT,7M -42S,2,1,0,17,17-26,75
MALE,BAYAKA,0,pass,NA,NA,pass,pass,NA,pass,NA,NA,NA,pass,NA,pass,YES,YES,RIGHT,RED,BILO,RIGHT,BLUE,BAYAKA,BLUE,LEFT,LEFT,LEFT,17M 44S,1,0,0,11,11-12,128
MALE,BAYAKA,0,pass,NA,NA,pass,pass,NA,pass,NA,NA,NA,pass,NA,pass,YES,YES,RIGHT,RED,BILO,RIGHT,BLUE,BAYAKA,BLUE,LEFT,LEFT,LEFT,17M 44S,2,1,1,11,11-12,128
MALE,BANDONGO,1,pass,NA,NA,pass,pass,NA,pass,NA,NA,NA,pass,NA,pass,YES,YES,RIGHT,RED,BANDONGO,RIGHT,BLUE,BAYAKA,RED,LEFT,RIGHT,RIGHT,6M -38S,1,1,1,22,17-26,147
MALE,BANDONGO,1,pass,NA,NA,pass,pass,NA,pass,NA,NA,NA,pass,NA,pass,YES,YES,RIGHT,RED,BANDONGO,RIGHT,BLUE,BAYAKA,RED,LEFT,RIGHT,RIGHT,6M -38S,2,0,0,22,17-26,147
MALE,BANDONGO,1,pass,NA,NA,pass,pass,NA,pass,NA,NA,NA,pass,NA,pass,YES,YES,LEFT,RED,BANDONGO,RIGHT,BLUE,BAYAKA,RED,LEFT,LEFT,LEFT,5M 40S,1,1,1,27,27-36,83
MALE,BANDONGO,1,pass,NA,NA,pass,pass,NA,pass,NA,NA,NA,pass,NA,pass,YES,YES,LEFT,RED,BANDONGO,RIGHT,BLUE,BAYAKA,RED,LEFT,LEFT,LEFT,5M 40S,2,0,0,27,27-36,83
MALE,BAYAKA,0,pass,NA,NA,pass,pass,NA,pass,NA,NA,NA,pass,NA,pass,YES,YES,LEFT,BLUE,BAYAKA,LEFT,RED,BILO,BLUE,RIGHT,RIGHT,LEFT,1H -49M -36S,1,0,1,10,9-10,133
MALE,BAYAKA,0,pass,NA,NA,pass,pass,NA,pass,NA,NA,NA,pass,NA,pass,YES,YES,LEFT,BLUE,BAYAKA,LEFT,RED,BILO,BLUE,RIGHT,RIGHT,LEFT,1H -49M -36S,2,1,0,10,9-10,133
FEMALE,BANDONGO,0,pass,NA,NA,pass,pass,NA,pass,NA,NA,NA,pass,NA,pass,YES,YES,RIGHT,BLUE,BAYAKA,LEFT,RED,BANDONGO,RED,RIGHT,RIGHT,RIGHT,6M -7S,1,0,0,23,17-26,81
FEMALE,BANDONGO,0,pass,NA,NA,pass,pass,NA,pass,NA,NA,NA,pass,NA,pass,YES,YES,RIGHT,BLUE,BAYAKA,LEFT,RED,BANDONGO,RED,RIGHT,RIGHT,RIGHT,6M -7S,2,0,1,23,17-26,81
FEMALE,BANDONGO,0,pass,NA,NA,pass,pass,NA,pass,NA,NA,NA,pass,NA,pass,NO,NO,RIGHT,RED,BANDONGO,LEFT,BLUE,BAYAKA,RED,LEFT,RIGHT,LEFT,6M -31S,1,1,1,49,47-56,78
FEMALE,BANDONGO,0,pass,NA,NA,pass,pass,NA,pass,NA,NA,NA,pass,NA,pass,NO,NO,RIGHT,RED,BANDONGO,LEFT,BLUE,BAYAKA,RED,LEFT,RIGHT,LEFT,6M -31S,2,0,0,49,47-56,78
MALE,BANDONGO,1,pass,NA,NA,pass,pass,NA,pass,NA,NA,NA,pass,NA,pass,NO,YES,RIGHT,BLUE,BANDONGO,RIGHT,RED,BAYAKA,BLUE,RIGHT,LEFT,RIGHT,5M 16S,1,1,1,37,37-46,95
MALE,BANDONGO,1,pass,NA,NA,pass,pass,NA,pass,NA,NA,NA,pass,NA,pass,NO,YES,RIGHT,BLUE,BANDONGO,RIGHT,RED,BAYAKA,BLUE,RIGHT,LEFT,RIGHT,5M 16S,2,1,0,37,37-46,95
MALE,BAYAKA,0,pass,NA,NA,pass,pass,NA,pass,NA,NA,NA,pass,NA,pass,YES,YES,LEFT,BLUE,BILO,RIGHT,RED,BAYAKA,RED,LEFT,LEFT,LEFT,20M 19S,1,0,0,33,27-36,99
MALE,BAYAKA,0,pass,NA,NA,pass,pass,NA,pass,NA,NA,NA,pass,NA,pass,YES,YES,LEFT,BLUE,BILO,RIGHT,RED,BAYAKA,RED,LEFT,LEFT,LEFT,20M 19S,2,0,1,33,27-36,99
MALE,BANDONGO,0,pass,NA,NA,pass,pass,NA,pass,NA,NA,NA,pass,NA,pass,YES,YES,LEFT,RED,BAYAKA,LEFT,BLUE,BANDONGO,BLUE,LEFT,LEFT,RIGHT,5M 50S,1,0,0,50,47-56,90
MALE,BANDONGO,0,pass,NA,NA,pass,pass,NA,pass,NA,NA,NA,pass,NA,pass,YES,YES,LEFT,RED,BAYAKA,LEFT,BLUE,BANDONGO,BLUE,LEFT,LEFT,RIGHT,5M 50S,2,0,1,50,47-56,90
FEMALE,BANDONGO,1,pass,NA,NA,pass,pass,NA,pass,NA,NA,NA,pass,NA,pass,YES,YES,RIGHT,RED,BAYAKA,LEFT,BLUE,BANDONGO,BLUE,RIGHT,LEFT,LEFT,6M -45S,1,1,0,34,27-36,148
FEMALE,BANDONGO,1,pass,NA,NA,pass,pass,NA,pass,NA,NA,NA,pass,NA,pass,YES,YES,RIGHT,RED,BAYAKA,LEFT,BLUE,BANDONGO,BLUE,RIGHT,LEFT,LEFT,6M -45S,2,0,1,34,27-36,148
MALE,BAYAKA,0,pass,NA,NA,pass,pass,NA,pass,NA,NA,NA,pass,NA,pass,YES,YES,LEFT,BLUE,BAYAKA,RIGHT,RED,BILO,BLUE,LEFT,RIGHT,LEFT,1H -36M -4S,1,1,1,58,57-66,109
MALE,BAYAKA,0,pass,NA,NA,pass,pass,NA,pass,NA,NA,NA,pass,NA,pass,YES,YES,LEFT,BLUE,BAYAKA,RIGHT,RED,BILO,BLUE,LEFT,RIGHT,LEFT,1H -36M -4S,2,1,0,58,57-66,109
FEMALE,BANDONGO,1,pass,NA,NA,pass,pass,NA,pass,NA,NA,NA,pass,NA,pass,YES,YES,RIGHT,RED,BANDONGO,RIGHT,BLUE,BAYAKA,RED,RIGHT,RIGHT,RIGHT,5M 14S,1,1,1,46,37-46,74
FEMALE,BANDONGO,1,pass,NA,NA,pass,pass,NA,pass,NA,NA,NA,pass,NA,pass,YES,YES,RIGHT,RED,BANDONGO,RIGHT,BLUE,BAYAKA,RED,RIGHT,RIGHT,RIGHT,5M 14S,2,1,0,46,37-46,74
MALE,BAYAKA,1,pass,NA,NA,pass,pass,NA,pass,NA,NA,NA,pass,NA,pass,YES,YES,LEFT,BLUE,BILO,RIGHT,RED,BAYAKA,RED,RIGHT,RIGHT,RIGHT,14M -40S,1,0,0,35,27-36,106
MALE,BAYAKA,1,pass,NA,NA,pass,pass,NA,pass,NA,NA,NA,pass,NA,pass,YES,YES,LEFT,BLUE,BILO,RIGHT,RED,BAYAKA,RED,RIGHT,RIGHT,RIGHT,14M -40S,2,1,1,35,27-36,106
FEMALE,BANDONGO,0,pass,NA,NA,pass,pass,NA,pass,NA,NA,NA,pass,NA,pass,YES,YES,LEFT,BLUE,BAYAKA,LEFT,RED,BANDONGO,RED,LEFT,LEFT,RIGHT,4M 35S,1,1,0,26,17-26,73
FEMALE,BANDONGO,0,pass,NA,NA,pass,pass,NA,pass,NA,NA,NA,pass,NA,pass,YES,YES,LEFT,BLUE,BAYAKA,LEFT,RED,BANDONGO,RED,LEFT,LEFT,RIGHT,4M 35S,2,0,1,26,17-26,73
FEMALE,BANDONGO,1,pass,NA,NA,pass,pass,NA,pass,NA,NA,NA,pass,NA,pass,YES,YES,LEFT,RED,BAYAKA,LEFT,BLUE,BANDONGO,BLUE,RIGHT,LEFT,RIGHT,4M 35S,1,0,0,18,17-26,72
FEMALE,BANDONGO,1,pass,NA,NA,pass,pass,NA,pass,NA,NA,NA,pass,NA,pass,YES,YES,LEFT,RED,BAYAKA,LEFT,BLUE,BANDONGO,BLUE,RIGHT,LEFT,RIGHT,4M 35S,2,1,1,18,17-26,72
FEMALE,BANDONGO,1,pass,NA,NA,pass,pass,NA,pass,NA,NA,NA,pass,NA,pass,YES,YES,RIGHT,BLUE,BANDONGO,LEFT,RED,BAYAKA,BLUE,RIGHT,LEFT,LEFT,5M 35S,1,1,1,37,37-46,96
FEMALE,BANDONGO,1,pass,NA,NA,pass,pass,NA,pass,NA,NA,NA,pass,NA,pass,YES,YES,RIGHT,BLUE,BANDONGO,LEFT,RED,BAYAKA,BLUE,RIGHT,LEFT,LEFT,5M 35S,2,0,0,37,37-46,96
MALE,BAYAKA,0,pass,NA,NA,pass,pass,NA,pass,NA,NA,NA,pass,NA,pass,YES,NO,RIGHT,BLUE,BILO,RIGHT,RED,BAYAKA,RED,LEFT,LEFT,LEFT,14M -12S,1,0,0,35,27-36,149
MALE,BAYAKA,0,pass,NA,NA,pass,pass,NA,pass,NA,NA,NA,pass,NA,pass,YES,NO,RIGHT,BLUE,BILO,RIGHT,RED,BAYAKA,RED,LEFT,LEFT,LEFT,14M -12S,2,1,1,35,27-36,149
MALE,BAYAKA,0,pass,NA,NA,pass,pass,NA,pass,NA,NA,NA,pass,NA,pass,YES,YES,LEFT,BLUE,BILO,LEFT,RED,BAYAKA,RED,RIGHT,LEFT,RIGHT,13M 47S,1,0,0,53,47-56,150
MALE,BAYAKA,0,pass,NA,NA,pass,pass,NA,pass,NA,NA,NA,pass,NA,pass,YES,YES,LEFT,BLUE,BILO,LEFT,RED,BAYAKA,RED,RIGHT,LEFT,RIGHT,13M 47S,2,1,1,53,47-56,150
MALE,BAYAKA,0,pass,NA,NA,pass,pass,NA,pass,NA,NA,NA,pass,NA,pass,YES,YES,LEFT,BLUE,BAYAKA,RIGHT,RED,BILO,BLUE,RIGHT,LEFT,LEFT,13M -21S,1,1,1,50,47-56,112
MALE,BAYAKA,0,pass,NA,NA,pass,pass,NA,pass,NA,NA,NA,pass,NA,pass,YES,YES,LEFT,BLUE,BAYAKA,RIGHT,RED,BILO,BLUE,RIGHT,LEFT,LEFT,13M -21S,2,1,0,50,47-56,112
FEMALE,BAYAKA,1,pass,NA,NA,pass,pass,NA,pass,NA,NA,NA,pass,NA,pass,YES,YES,RIGHT,BLUE,BILO,RIGHT,RED,BAYAKA,RED,RIGHT,RIGHT,RIGHT,1H -47M -22S,1,1,0,33,27-36,107
FEMALE,BAYAKA,1,pass,NA,NA,pass,pass,NA,pass,NA,NA,NA,pass,NA,pass,YES,YES,RIGHT,BLUE,BILO,RIGHT,RED,BAYAKA,RED,RIGHT,RIGHT,RIGHT,1H -47M -22S,2,0,1,33,27-36,107
FEMALE,BAYAKA,0,pass,NA,NA,pass,pass,NA,pass,NA,NA,NA,pass,NA,pass,YES,NO,LEFT,BLUE,BAYAKA,RIGHT,RED,BILO,BLUE,LEFT,RIGHT,LEFT,15M -4S,1,0,1,35,27-36,151
FEMALE,BAYAKA,0,pass,NA,NA,pass,pass,NA,pass,NA,NA,NA,pass,NA,pass,YES,NO,LEFT,BLUE,BAYAKA,RIGHT,RED,BILO,BLUE,LEFT,RIGHT,LEFT,15M -4S,2,0,0,35,27-36,151
FEMALE,BAYAKA,1,pass,NA,NA,pass,pass,NA,pass,NA,NA,NA,pass,NA,pass,YES,YES,RIGHT,RED,BAYAKA,RIGHT,BLUE,BILO,RED,LEFT,LEFT,LEFT,10M 14S,1,0,1,27,27-36,105
FEMALE,BAYAKA,1,pass,NA,NA,pass,pass,NA,pass,NA,NA,NA,pass,NA,pass,YES,YES,RIGHT,RED,BAYAKA,RIGHT,BLUE,BILO,RED,LEFT,LEFT,LEFT,10M 14S,2,1,0,27,27-36,105
FEMALE,BAYAKA,0,pass,NA,NA,pass,pass,NA,pass,NA,NA,NA,pass,NA,pass,YES,YES,RIGHT,BLUE,BILO,RIGHT,RED,BAYAKA,RED,RIGHT,RIGHT,RIGHT,19M -21S,1,0,0,47,47-56,111
FEMALE,BAYAKA,0,pass,NA,NA,pass,pass,NA,pass,NA,NA,NA,pass,NA,pass,YES,YES,RIGHT,BLUE,BILO,RIGHT,RED,BAYAKA,RED,RIGHT,RIGHT,RIGHT,19M -21S,2,0,1,47,47-56,111
MALE,BANDONGO,0,pass,NA,NA,pass,pass,NA,pass,NA,NA,NA,pass,NA,pass,YES,YES,LEFT,RED,BANDONGO,RIGHT,BLUE,BAYAKA,RED,RIGHT,RIGHT,RIGHT,6M 11S,1,1,1,38,37-46,87
MALE,BANDONGO,0,pass,NA,NA,pass,pass,NA,pass,NA,NA,NA,pass,NA,pass,YES,YES,LEFT,RED,BANDONGO,RIGHT,BLUE,BAYAKA,RED,RIGHT,RIGHT,RIGHT,6M 11S,2,0,0,38,37-46,87
MALE,BANDONGO,0,pass,NA,NA,pass,pass,NA,pass,NA,NA,NA,pass,NA,pass,NO,YES,LEFT,RED,BANDONGO,RIGHT,BLUE,BAYAKA,RED,LEFT,RIGHT,LEFT,6M 2S,1,0,1,37,37-46,156
MALE,BANDONGO,0,pass,NA,NA,pass,pass,NA,pass,NA,NA,NA,pass,NA,pass,NO,YES,LEFT,RED,BANDONGO,RIGHT,BLUE,BAYAKA,RED,LEFT,RIGHT,LEFT,6M 2S,2,1,0,37,37-46,156
FEMALE,BAYAKA,0,pass,NA,NA,pass,pass,NA,pass,NA,NA,NA,pass,NA,pass,YES,NO,LEFT,BLUE,BILO,LEFT,RED,BAYAKA,RED,RIGHT,RIGHT,RIGHT,15M 25S,1,0,0,47,47-56,152
FEMALE,BAYAKA,0,pass,NA,NA,pass,pass,NA,pass,NA,NA,NA,pass,NA,pass,YES,NO,LEFT,BLUE,BILO,LEFT,RED,BAYAKA,RED,RIGHT,RIGHT,RIGHT,15M 25S,2,0,1,47,47-56,152
FEMALE,BANDONGO,1,pass,NA,NA,pass,pass,NA,pass,NA,NA,NA,pass,NA,pass,NO,NO,LEFT,BLUE,BAYAKA,LEFT,RED,BANDONGO,RED,LEFT,RIGHT,LEFT,15M 17S,1,0,0,28,27-36,157
FEMALE,BANDONGO,1,pass,NA,NA,pass,pass,NA,pass,NA,NA,NA,pass,NA,pass,NO,NO,LEFT,BLUE,BAYAKA,LEFT,RED,BANDONGO,RED,LEFT,RIGHT,LEFT,15M 17S,2,1,1,28,27-36,157
FEMALE,BAYAKA,0,pass,NA,NA,pass,pass,NA,pass,NA,NA,NA,pass,NA,pass,YES,YES,LEFT,BLUE,BAYAKA,LEFT,RED,BILO,BLUE,RIGHT,LEFT,LEFT,1H -45M 50S,1,0,1,41,37-46,153
FEMALE,BAYAKA,0,pass,NA,NA,pass,pass,NA,pass,NA,NA,NA,pass,NA,pass,YES,YES,LEFT,BLUE,BAYAKA,LEFT,RED,BILO,BLUE,RIGHT,LEFT,LEFT,1H -45M 50S,2,0,0,41,37-46,153
FEMALE,BAYAKA,1,pass,NA,NA,pass,pass,NA,pass,NA,NA,NA,pass,NA,pass,YES,YES,RIGHT,BLUE,BAYAKA,RIGHT,RED,BILO,BLUE,LEFT,LEFT,LEFT,12M -39S,1,0,1,50,47-56,154
FEMALE,BAYAKA,1,pass,NA,NA,pass,pass,NA,pass,NA,NA,NA,pass,NA,pass,YES,YES,RIGHT,BLUE,BAYAKA,RIGHT,RED,BILO,BLUE,LEFT,LEFT,LEFT,12M -39S,2,0,0,50,47-56,154
MALE,BAYAKA,0,pass,NA,NA,pass,pass,NA,pass,NA,NA,NA,pass,NA,pass,YES,YES,LEFT,RED,BILO,LEFT,BLUE,BAYAKA,BLUE,RIGHT,RIGHT,LEFT,12M 8S,1,0,0,39,37-46,155
MALE,BAYAKA,0,pass,NA,NA,pass,pass,NA,pass,NA,NA,NA,pass,NA,pass,YES,YES,LEFT,RED,BILO,LEFT,BLUE,BAYAKA,BLUE,RIGHT,RIGHT,LEFT,12M 8S,2,0,1,39,37-46,155
FEMALE,BAYAKA,0,pass,NA,NA,pass,pass,NA,pass,NA,NA,NA,pass,NA,pass,YES,YES,RIGHT,BLUE,BILO,LEFT,RED,BAYAKA,RED,RIGHT,LEFT,RIGHT,10M 16S,1,1,0,39,37-46,158
FEMALE,BAYAKA,0,pass,NA,NA,pass,pass,NA,pass,NA,NA,NA,pass,NA,pass,YES,YES,RIGHT,BLUE,BILO,LEFT,RED,BAYAKA,RED,RIGHT,LEFT,RIGHT,10M 16S,2,1,1,39,37-46,158
MALE,BAYAKA,0,pass,NA,NA,pass,pass,NA,pass,NA,NA,NA,pass,NA,pass,YES,YES,LEFT,BLUE,BILO,RIGHT,RED,BAYAKA,RED,LEFT,RIGHT,RIGHT,11M -12S,1,1,0,74,67+,110
MALE,BAYAKA,0,pass,NA,NA,pass,pass,NA,pass,NA,NA,NA,pass,NA,pass,YES,YES,LEFT,BLUE,BILO,RIGHT,RED,BAYAKA,RED,LEFT,RIGHT,RIGHT,11M -12S,2,1,1,74,67+,110
FEMALE,BAYAKA,0,pass,NA,NA,pass,pass,NA,pass,NA,NA,NA,pass,NA,pass,YES,YES,RIGHT,RED,BILO,LEFT,BLUE,BAYAKA,BLUE,RIGHT,RIGHT,LEFT,1H -50M 5S,1,1,0,68,67+,160
FEMALE,BAYAKA,0,pass,NA,NA,pass,pass,NA,pass,NA,NA,NA,pass,NA,pass,YES,YES,RIGHT,RED,BILO,LEFT,BLUE,BAYAKA,BLUE,RIGHT,RIGHT,LEFT,1H -50M 5S,2,0,1,68,67+,160
FEMALE,BAYAKA,0,pass,NA,NA,pass,pass,NA,pass,NA,NA,NA,pass,NA,pass,YES,YES,RIGHT,BLUE,BILO,RIGHT,RED,BAYAKA,RED,RIGHT,RIGHT,LEFT,11M -13S,1,0,0,40,37-46,159
FEMALE,BAYAKA,0,pass,NA,NA,pass,pass,NA,pass,NA,NA,NA,pass,NA,pass,YES,YES,RIGHT,BLUE,BILO,RIGHT,RED,BAYAKA,RED,RIGHT,RIGHT,LEFT,11M -13S,2,0,1,40,37-46,159
FEMALE,BAYAKA,1,pass,NA,NA,pass,pass,NA,pass,NA,NA,NA,pass,NA,pass,YES,NO,RIGHT,BLUE,BAYAKA,LEFT,RED,BILO,BLUE,LEFT,LEFT,RIGHT,11M -9S,1,1,1,36,27-36,161
FEMALE,BAYAKA,1,pass,NA,NA,pass,pass,NA,pass,NA,NA,NA,pass,NA,pass,YES,NO,RIGHT,BLUE,BAYAKA,LEFT,RED,BILO,BLUE,LEFT,LEFT,RIGHT,11M -9S,2,0,0,36,27-36,161
MALE,BAYAKA,0,pass,NA,NA,pass,pass,NA,pass,NA,NA,NA,pass,NA,pass,YES,YES,LEFT,BLUE,BILO,LEFT,RED,BAYAKA,RED,RIGHT,RIGHT,RIGHT,10M 15S,1,1,0,7,7-8,134
MALE,BAYAKA,0,pass,NA,NA,pass,pass,NA,pass,NA,NA,NA,pass,NA,pass,YES,YES,LEFT,BLUE,BILO,LEFT,RED,BAYAKA,RED,RIGHT,RIGHT,RIGHT,10M 15S,2,0,1,7,7-8,134
